,ID,Area,City,What.is.your.main.source.of.news.,What.is.your.favorite.local.news.outlet.,FavNewsClean,How.often.do.you.hear.about.climate.change.in.the.media.,DMA.Code,DMA.Name,Weight,FOXNEWS,ABC,CBS,CNN,MSNBC,NatlNBC,WXIA,FOX5,WLBT,WMAZ,WTVM,WTOC,WGCL,WSBTV,WRDW,WJBF,WALB,GOOGLE,SOCIALMEDIA,FavNewsClean
291,-308134243,Georgia,Norman Park,Covid,ABC News,ABC,Several times a year,525,"Albany, GA",0.91,0,1,0,0,0,0,0,0,0,0,0,0,0,0,0,0,0,0,0,ABC
240,861974296,Georgia,Fitzgerald,Facebook,Cbs,CBS,Several times a year,525,"Albany, GA",0.48,0,0,1,0,0,0,0,0,0,0,0,0,0,0,0,0,0,0,0,CBS
434,-404873575,Georgia,Norman Park,CNN,Cnn,CNN,At least once a month,525,"Albany, GA",0.91,0,0,0,1,0,0,0,0,0,0,0,0,0,0,0,0,0,0,0,CNN
65,-1801025551,Georgia,Newton,fox news,fox,FOX,At least once a month,525,"Albany, GA",0.48,1,0,0,0,0,0,0,0,0,0,0,0,0,0,0,0,0,0,0,FOX
282,-1176646191,Georgia,Fitzgerald,TV or phone,Fox News,FOX,At least once a week,525,"Albany, GA",0.62,1,0,0,0,0,0,0,0,0,0,0,0,0,0,0,0,0,0,0,FOX
435,-477521815,Georgia,Douglas,Television,Fox,FOX,At least once a week,525,"Albany, GA",0.48,1,0,0,0,0,0,0,0,0,0,0,0,0,0,0,0,0,0,0,FOX
172,-1411472266,Georgia,Leesburg,local news and cnn are my main news outlet,13wmaz and fox5 news,NA,At least once a week,525,"Albany, GA",1.31,0,0,0,0,0,0,0,2,0,3,0,0,0,0,0,0,0,0,0,FOX5
32,-1057866081,Georgia,Norman Park,"ABC,NBC,Haystack.","ABC,nbc",NA,At least once a week,525,"Albany, GA",2.74,0,0,0,0,0,0,0,0,0,0,0,0,0,0,0,0,0,0,0,other
300,496888463,Georgia,Moultrie,The internet.,A regional news station's website (the town I live in is too small to have it's own TV news).,NA,At least once a month,525,"Albany, GA",0.69,0,0,0,0,0,0,0,0,0,0,0,0,0,0,0,0,0,0,0,other
354,-1200185547,Georgia,Moultrie,CNN,Desmond,NA,At least once a week,525,"Albany, GA",1,0,0,0,0,0,0,0,0,0,0,0,0,0,0,0,0,0,0,0,other
104,1690316690,Georgia,Leesburg,Local and national news on television,NBC,NBC,At least once a month,525,"Albany, GA",1.9,0,0,0,0,0,1,0,0,0,0,0,0,0,0,0,0,0,0,0,NBC
254,1094277261,Georgia,Leesburg,NBC local and national news,NBC nightly news,NBC,At least once a month,525,"Albany, GA",1.69,0,0,0,0,0,1,0,0,0,0,0,0,0,0,0,0,0,0,0,NBC
269,-1637349128,Georgia,Douglas,entertainment,NBC,NBC,Once a year or less,525,"Albany, GA",1.25,0,0,0,0,0,1,0,0,0,0,0,0,0,0,0,0,0,0,0,NBC
351,807241094,Georgia,Moultrie,Tv,Nbc,NBC,Several times a year,525,"Albany, GA",0.38,0,0,0,0,0,1,0,0,0,0,0,0,0,0,0,0,0,0,0,NBC
102,551269263,Georgia,Douglas,Local news channel,WALB from Albany ga,WALB,Several times a year,525,"Albany, GA",1.33,0,0,0,0,0,0,0,0,0,0,0,0,0,0,0,0,1,0,0,WALB
150,1942341848,Georgia,Leesburg,Local news stations,Walb,WALB,Once a year or less,525,"Albany, GA",0.48,0,0,0,0,0,0,0,0,0,0,0,0,0,0,0,0,1,0,0,WALB
292,-1532954533,Georgia,Douglas,The news channel,13 WMAZ,WMAZ,At least once a month,525,"Albany, GA",0.43,0,0,0,0,0,0,0,0,0,2,0,0,0,0,0,0,0,0,0,WMAZ
2,-1520155778,Georgia,Covington,Cnn,Abc,ABC,At least once a month,524,Atlanta,1.55,0,1,0,0,0,0,0,0,0,0,0,0,0,0,0,0,0,0,0,ABC
19,-2137219380,Georgia,Atlanta,Facebook,Abc,ABC,Several times a year,524,Atlanta,1,0,1,0,0,0,0,0,0,0,0,0,0,0,0,0,0,0,0,0,ABC
34,-447835306,Georgia,Atlanta,Youtube,Abc,ABC,At least once a week,524,Atlanta,0.62,0,1,0,0,0,0,0,0,0,0,0,0,0,0,0,0,0,0,0,ABC
54,1389929319,Georgia,Lawrenceville,Fox News,ABC,ABC,At least once a month,524,Atlanta,2.03,0,1,0,0,0,0,0,0,0,0,0,0,0,0,0,0,0,0,0,ABC
98,1605233878,Georgia,McDonough,CNN,ABC,ABC,At least once a week,524,Atlanta,0.69,0,1,0,0,0,0,0,0,0,0,0,0,0,0,0,0,0,0,0,ABC
135,-1745848575,Georgia,Cumming,ads and society,abc,ABC,At least once a week,524,Atlanta,5.33,0,1,0,0,0,0,0,0,0,0,0,0,0,0,0,0,0,0,0,ABC
145,-1555567568,Georgia,Atlanta,Antenna TV,ABC,ABC,At least once a week,524,Atlanta,2.03,0,1,0,0,0,0,0,0,0,0,0,0,0,0,0,0,0,0,0,ABC
174,-867967952,Georgia,Woodstock,Online... Google.,Abc,ABC,Several times a year,524,Atlanta,0.54,0,1,0,0,0,0,0,0,0,0,0,0,0,0,0,0,0,0,0,ABC
185,257132406,Georgia,Jefferson,Tv,Abc,ABC,Several times a year,524,Atlanta,1.08,0,1,0,0,0,0,0,0,0,0,0,0,0,0,0,0,0,0,0,ABC
205,-355728397,Georgia,Atlanta,social media,abc,ABC,At least once a week,524,Atlanta,2.03,0,1,0,0,0,0,0,0,0,0,0,0,0,0,0,0,0,0,0,ABC
228,-2108949737,Georgia,Lithonia,tv,abc,ABC,Several times a year,524,Atlanta,1.9,0,1,0,0,0,0,0,0,0,0,0,0,0,0,0,0,0,0,0,ABC
258,126786795,Georgia,Temple,"TV, fm radio and social media",ABC tv news,ABC,At least once a month,524,Atlanta,0.48,0,1,0,0,0,0,0,0,0,0,0,0,0,0,0,0,0,0,0,ABC
260,1192113659,Georgia,Atlanta,"ABC news, New York Times",ABC,ABC,At least once a week,524,Atlanta,0.38,0,1,0,0,0,0,0,0,0,0,0,0,0,0,0,0,0,0,0,ABC
294,1635497470,Georgia,Atlanta,CNN,ABC,ABC,At least once a week,524,Atlanta,1.41,0,1,0,0,0,0,0,0,0,0,0,0,0,0,0,0,0,0,0,ABC
296,528009633,Georgia,Atlanta,Tv,ABC,ABC,At least once a week,524,Atlanta,0.87,0,1,0,0,0,0,0,0,0,0,0,0,0,0,0,0,0,0,0,ABC
427,109681010,Georgia,Atlanta,FoX,ABC,ABC,At least once a week,524,Atlanta,0.43,0,1,0,0,0,0,0,0,0,0,0,0,0,0,0,0,0,0,0,ABC
436,-553210857,Georgia,Rome,Facebook,Abc,ABC,At least once a month,524,Atlanta,0.48,0,1,0,0,0,0,0,0,0,0,0,0,0,0,0,0,0,0,0,ABC
440,1333372330,Georgia,Decatur,Google,ABC,ABC,At least once a week,524,Atlanta,0.7,0,1,0,0,0,0,0,0,0,0,0,0,0,0,0,0,0,0,0,ABC
444,-1435611610,Georgia,Eatonton,Local,ABC,ABC,At least once a week,524,Atlanta,1.25,0,1,0,0,0,0,0,0,0,0,0,0,0,0,0,0,0,0,0,ABC
476,-1596160374,Georgia,Fairburn,My phone,Abc,ABC,At least once a week,524,Atlanta,0.54,0,1,0,0,0,0,0,0,0,0,0,0,0,0,0,0,0,0,0,ABC
64,-195122242,Georgia,Mableton,Associated Press website,"ABC News, probably.",ABC,At least once a month,524,Atlanta,1.41,0,0,0,0,0,0,0,0,0,0,0,0,0,0,0,0,0,0,0,other
324,306507481,Georgia,Adairsville,I get my news from twitter,abc news,ABC,At least once a month,524,Atlanta,0.43,0,0,0,0,0,0,0,0,0,0,0,0,0,0,0,0,0,0,0,other
360,897730377,Georgia,Lithonia,Local news station,ABC news,ABC,At least once a month,524,Atlanta,1.33,0,0,0,0,0,0,0,0,0,0,0,0,0,0,0,0,0,0,0,other
432,1345279948,Georgia,Kennesaw,"Local news, the internet",ABC news,ABC,Several times a year,524,Atlanta,0.38,0,0,0,0,0,0,0,0,0,0,0,0,0,0,0,0,0,0,0,other
123,-1801173341,Georgia,La Grange,Newspapers,AJC,AJC,At least once a week,524,Atlanta,2.03,0,0,0,0,0,0,0,0,0,0,0,0,0,0,0,0,0,0,0,other
127,-1804927913,Georgia,Atlanta,Ny times,AJC,AJC,At least once a week,524,Atlanta,1.55,0,0,0,0,0,0,0,0,0,0,0,0,0,0,0,0,0,0,0,other
168,1861863761,Georgia,Acworth,Phone,AJc,AJC,At least once a week,524,Atlanta,0.87,0,0,0,0,0,0,0,0,0,0,0,0,0,0,0,0,0,0,0,other
459,-1719872149,Georgia,Duluth,BBC,BBC,BBC,At least once a week,524,Atlanta,0.54,0,0,0,0,0,0,0,0,0,0,0,0,0,0,0,0,0,0,0,other
216,-1827197430,Georgia,Decatur,Reddit,Brunswick News,NEWSPAPER,At least once a week,524,Atlanta,0.62,0,0,0,0,0,0,0,0,0,0,0,0,0,0,0,0,0,0,0,other
424,-452643883,Georgia,Atlanta,Fox 54,CBN NEWS,CBN,At least once a week,524,Atlanta,1.31,0,0,0,0,0,0,0,0,0,0,0,0,0,0,0,0,0,0,0,other
426,207829180,Georgia,Stone Mountain,T.v or social media.,CBN,CBN,Several times a year,524,Atlanta,0.38,0,0,0,0,0,0,0,0,0,0,0,0,0,0,0,0,0,0,0,other
280,1946649399,Georgia,Atlanta,Cnn,Cbs,CBS,At least once a week,524,Atlanta,5.33,0,0,1,0,0,0,0,0,0,0,0,0,0,0,0,0,0,0,0,CBS
327,-681984027,Georgia,Rome,YouTube,CBS,CBS,At least once a week,524,Atlanta,1.08,0,0,1,0,0,0,0,0,0,0,0,0,0,0,0,0,0,0,0,CBS
425,-1786978994,Georgia,Gainesville,Twitter,Cbs,CBS,At least once a month,524,Atlanta,0.43,0,0,1,0,0,0,0,0,0,0,0,0,0,0,0,0,0,0,0,CBS
491,-1027173226,Georgia,Flowery Branch,Cnn,Cbs,CBS,At least once a month,524,Atlanta,2.43,0,0,1,0,0,0,0,0,0,0,0,0,0,0,0,0,0,0,0,CBS
42,-2141002790,Georgia,Athens,Twitter,CNN,CNN,Once a year or less,524,Atlanta,3.77,0,0,0,1,0,0,0,0,0,0,0,0,0,0,0,0,0,0,0,CNN
55,947483974,Georgia,Fairburn,Fox news,CNN,CNN,Several times a year,524,Atlanta,0.91,0,0,0,1,0,0,0,0,0,0,0,0,0,0,0,0,0,0,0,CNN
88,54382890,Georgia,Atlanta,CNN,CNN,CNN,At least once a week,524,Atlanta,0.62,0,0,0,1,0,0,0,0,0,0,0,0,0,0,0,0,0,0,0,CNN
103,-1975861015,Georgia,Lawrenceville,CNN.com,CNN,CNN,At least once a month,524,Atlanta,0.91,0,0,0,1,0,0,0,0,0,0,0,0,0,0,0,0,0,0,0,CNN
156,-301094796,Georgia,Jonesboro,CNN,CNN,CNN,Several times a year,524,Atlanta,1.9,0,0,0,1,0,0,0,0,0,0,0,0,0,0,0,0,0,0,0,CNN
161,-144094671,Georgia,Atlanta,TV,CNN,CNN,At least once a week,524,Atlanta,1.69,0,0,0,1,0,0,0,0,0,0,0,0,0,0,0,0,0,0,0,CNN
162,-409112744,Georgia,Atlanta,Social media and sometimes cable,CNN,CNN,At least once a week,524,Atlanta,0.91,0,0,0,1,0,0,0,0,0,0,0,0,0,0,0,0,0,0,0,CNN
167,-1688062810,Georgia,Buford,Google,Cnn,CNN,Once a year or less,524,Atlanta,0.38,0,0,0,1,0,0,0,0,0,0,0,0,0,0,0,0,0,0,0,CNN
190,779236054,Georgia,Atlanta,Social media like Facebook and instagram,CNN,CNN,At least once a week,524,Atlanta,0.54,0,0,0,1,0,0,0,0,0,0,0,0,0,0,0,0,0,0,0,CNN
191,-1840216519,Georgia,Commerce,CNN,CNN10,CNN,Several times a year,524,Atlanta,1.31,0,0,0,1,0,0,0,0,0,0,0,0,0,0,0,0,0,0,0,CNN
199,2000123595,Georgia,Suwanee,Quora,CNN,CNN,At least once a week,524,Atlanta,0.91,0,0,0,1,0,0,0,0,0,0,0,0,0,0,0,0,0,0,0,CNN
208,-329990003,Georgia,Atlanta,TV chanal,CNN,CNN,Several times a year,524,Atlanta,0.69,0,0,0,1,0,0,0,0,0,0,0,0,0,0,0,0,0,0,0,CNN
214,1503021477,Georgia,Atlanta,CNN,CNN,CNN,At least once a week,524,Atlanta,0.54,0,0,0,1,0,0,0,0,0,0,0,0,0,0,0,0,0,0,0,CNN
313,-2132092309,Georgia,Thomaston,Cnn,Cnn,CNN,Several times a year,524,Atlanta,0.7,0,0,0,1,0,0,0,0,0,0,0,0,0,0,0,0,0,0,0,CNN
332,2125575840,Georgia,Marietta,Telivision,CNN,CNN,At least once a week,524,Atlanta,0.69,0,0,0,1,0,0,0,0,0,0,0,0,0,0,0,0,0,0,0,CNN
344,926702206,Georgia,Lawrenceville,Social media and cnn,Cnn,CNN,Several times a year,524,Atlanta,1.25,0,0,0,1,0,0,0,0,0,0,0,0,0,0,0,0,0,0,0,CNN
363,-424806714,Georgia,Atlanta,Fox News and social media platforms,CNN,CNN,At least once a week,524,Atlanta,0.62,0,0,0,1,0,0,0,0,0,0,0,0,0,0,0,0,0,0,0,CNN
376,-424357953,Georgia,Atlanta,Apple News and CNN,CNN,CNN,At least once a month,524,Atlanta,1.31,0,0,0,1,0,0,0,0,0,0,0,0,0,0,0,0,0,0,0,CNN
442,-1641317612,Georgia,Lilburn,"cnn, fox news, apple news",Cnn,CNN,Once a year or less,524,Atlanta,0.91,0,0,0,1,0,0,0,0,0,0,0,0,0,0,0,0,0,0,0,CNN
474,-816370889,Georgia,Suwanee,Newspaper,CNN,CNN,Several times a year,524,Atlanta,1,0,0,0,1,0,0,0,0,0,0,0,0,0,0,0,0,0,0,0,CNN
495,1280483588,Georgia,Cumming,Google News,CNN,CNN,At least once a week,524,Atlanta,4.45,0,0,0,1,0,0,0,0,0,0,0,0,0,0,0,0,0,0,0,CNN
353,82836646,Georgia,Atlanta,Online new,CNN News i my favorite,CNN,At least once a week,524,Atlanta,0.54,0,0,0,0,0,0,0,0,0,0,0,0,0,0,0,0,0,0,0,other
470,-1562798407,Georgia,Decatur,Social media,Cnn news,CNN,Several times a year,524,Atlanta,0.91,0,0,0,0,0,0,0,0,0,0,0,0,0,0,0,0,0,0,0,other
3,-244074688,Georgia,Duluth,Internet,Fox,FOX,At least once a month,524,Atlanta,0.54,1,0,0,0,0,0,0,0,0,0,0,0,0,0,0,0,0,0,0,FOX
22,1426367799,Georgia,Carrollton,T.V,Fox News,FOX,Never,524,Atlanta,0.38,1,0,0,0,0,0,0,0,0,0,0,0,0,0,0,0,0,0,0,FOX
23,1484761046,Georgia,Atlanta,AP,Fox,FOX,Several times a year,524,Atlanta,0.69,1,0,0,0,0,0,0,0,0,0,0,0,0,0,0,0,0,0,0,FOX
25,-1856763673,Georgia,Atlanta,Tv,Fox news,FOX,At least once a week,524,Atlanta,1.25,1,0,0,0,0,0,0,0,0,0,0,0,0,0,0,0,0,0,0,FOX
48,920292679,Georgia,Acworth,Television,Fox,FOX,At least once a week,524,Atlanta,1.25,1,0,0,0,0,0,0,0,0,0,0,0,0,0,0,0,0,0,0,FOX
57,128072259,Georgia,Fayetteville,Social media,Fox news,FOX,Several times a year,524,Atlanta,0.91,1,0,0,0,0,0,0,0,0,0,0,0,0,0,0,0,0,0,0,FOX
72,-1546999588,Georgia,McDonough,ABC,FOX,FOX,At least once a week,524,Atlanta,1.33,1,0,0,0,0,0,0,0,0,0,0,0,0,0,0,0,0,0,0,FOX
73,-917072545,Georgia,Lawrenceville,TV is my main source of news.,Fox news,FOX,At least once a month,524,Atlanta,1.55,1,0,0,0,0,0,0,0,0,0,0,0,0,0,0,0,0,0,0,FOX
83,1585538235,Georgia,Gainesville,fox news,fox news,FOX,At least once a week,524,Atlanta,1.92,1,0,0,0,0,0,0,0,0,0,0,0,0,0,0,0,0,0,0,FOX
92,89416198,Georgia,Lawrenceville,Fox News and YouTube,Fox,FOX,At least once a week,524,Atlanta,0.48,1,0,0,0,0,0,0,0,0,0,0,0,0,0,0,0,0,0,0,FOX
94,116501928,Georgia,Covington,Fox,Fox,FOX,Once a year or less,524,Atlanta,0.54,1,0,0,0,0,0,0,0,0,0,0,0,0,0,0,0,0,0,0,FOX
99,-101184435,Georgia,Lawrenceville,Tiltok,Fox,FOX,At least once a month,524,Atlanta,1.31,1,0,0,0,0,0,0,0,0,0,0,0,0,0,0,0,0,0,0,FOX
118,1604045399,Georgia,Suwanee,Fox,Fox,FOX,Several times a year,524,Atlanta,3.77,1,0,0,0,0,0,0,0,0,0,0,0,0,0,0,0,0,0,0,FOX
128,1625973269,Georgia,Lawrenceville,Tv,Fox,FOX,At least once a week,524,Atlanta,1.33,1,0,0,0,0,0,0,0,0,0,0,0,0,0,0,0,0,0,0,FOX
147,1757654993,Georgia,Lawrenceville,tv,Fox,FOX,Several times a year,524,Atlanta,1.69,1,0,0,0,0,0,0,0,0,0,0,0,0,0,0,0,0,0,0,FOX
153,1764368356,Georgia,Atlanta,Fox,Fox,FOX,At least once a week,524,Atlanta,1.25,1,0,0,0,0,0,0,0,0,0,0,0,0,0,0,0,0,0,0,FOX
158,913158633,Georgia,Atlanta,The internet blogs and disclosure information,Fox,FOX,At least once a month,524,Atlanta,0.62,1,0,0,0,0,0,0,0,0,0,0,0,0,0,0,0,0,0,0,FOX
184,1089945578,Georgia,Atlanta,Tv,Fox,FOX,Once a year or less,524,Atlanta,0.62,1,0,0,0,0,0,0,0,0,0,0,0,0,0,0,0,0,0,0,FOX
206,-330051565,Georgia,Suwanee,Electronic media,Fox news,FOX,Several times a year,524,Atlanta,0.54,1,0,0,0,0,0,0,0,0,0,0,0,0,0,0,0,0,0,0,FOX
219,1472696829,Georgia,Morganton,Tv,Fox,FOX,At least once a month,524,Atlanta,1.92,1,0,0,0,0,0,0,0,0,0,0,0,0,0,0,0,0,0,0,FOX
233,-249473648,Georgia,Marietta,Internet news feed on my Google homepage.,Fox news,FOX,At least once a month,524,Atlanta,0.62,1,0,0,0,0,0,0,0,0,0,0,0,0,0,0,0,0,0,0,FOX
235,-2134305047,Georgia,Atlanta,Fox,Fox news,FOX,At least once a week,524,Atlanta,1,1,0,0,0,0,0,0,0,0,0,0,0,0,0,0,0,0,0,0,FOX
241,-104136309,Georgia,Atlanta,WNBC,Fox news,FOX,At least once a month,524,Atlanta,0.62,1,0,0,0,0,0,0,0,0,0,0,0,0,0,0,0,0,0,0,FOX
252,-906344262,Georgia,Buford,Social media and television,Fox News,FOX,At least once a month,524,Atlanta,1.31,1,0,0,0,0,0,0,0,0,0,0,0,0,0,0,0,0,0,0,FOX
265,1977724799,Georgia,Clarkesville,TV. I Internet,Fox,FOX,Several times a year,524,Atlanta,1.41,1,0,0,0,0,0,0,0,0,0,0,0,0,0,0,0,0,0,0,FOX
307,-206910572,Georgia,Atlanta,Nbc,Fox,FOX,At least once a week,524,Atlanta,1.55,1,0,0,0,0,0,0,0,0,0,0,0,0,0,0,0,0,0,0,FOX
314,1831771375,Georgia,Canton,Instagram,Fox,FOX,At least once a week,524,Atlanta,1.31,1,0,0,0,0,0,0,0,0,0,0,0,0,0,0,0,0,0,0,FOX
326,1339312076,Georgia,Lilburn,Fox news,Fox news,FOX,Several times a year,524,Atlanta,0.54,1,0,0,0,0,0,0,0,0,0,0,0,0,0,0,0,0,0,0,FOX
331,552231999,Georgia,Alpharetta,YouTube,Fox,FOX,At least once a month,524,Atlanta,1,1,0,0,0,0,0,0,0,0,0,0,0,0,0,0,0,0,0,0,FOX
355,-950668847,Georgia,Atlanta,Social media,Fox,FOX,At least once a month,524,Atlanta,1.25,1,0,0,0,0,0,0,0,0,0,0,0,0,0,0,0,0,0,0,FOX
359,-2129711339,Georgia,Loganville,Local news only,Fox news,FOX,Several times a year,524,Atlanta,0.87,1,0,0,0,0,0,0,0,0,0,0,0,0,0,0,0,0,0,0,FOX
378,220971330,Georgia,Fayetteville,Google,Fox,FOX,At least once a month,524,Atlanta,2.03,1,0,0,0,0,0,0,0,0,0,0,0,0,0,0,0,0,0,0,FOX
423,-355061446,Georgia,Calhoun,Radio,Fox,FOX,At least once a month,524,Atlanta,1.55,1,0,0,0,0,0,0,0,0,0,0,0,0,0,0,0,0,0,0,FOX
466,280567039,Georgia,Marietta,Youtube,Fox,FOX,At least once a month,524,Atlanta,1,1,0,0,0,0,0,0,0,0,0,0,0,0,0,0,0,0,0,0,FOX
486,696069162,Georgia,Atlanta,"Tv, satellite, social media,. News websites",Fox news,FOX,At least once a week,524,Atlanta,1.08,1,0,0,0,0,0,0,0,0,0,0,0,0,0,0,0,0,0,0,FOX
232,2043099362,Georgia,Atlanta,The weather and news channel is my main source of news,Fox news is my favorite,FOX,At least once a week,524,Atlanta,1,0,0,0,0,0,0,0,0,0,0,0,0,0,0,0,0,0,0,0,other
445,-1540269531,Georgia,Suwanee,ONLINE,FOX NEWS,FOX,At least once a month,524,Atlanta,0.54,0,0,0,0,0,0,0,0,0,0,0,0,0,0,0,0,0,0,0,other
489,1754133685,Georgia,Stone Mountain,To keep up with the lastest news,Foxnews,FOX,At least once a month,524,Atlanta,0.69,0,0,0,0,0,0,0,0,0,0,0,0,0,0,0,0,0,0,0,other
6,597712768,Georgia,Flowery Branch,I watch CNN,Fox 5,FOX5,At least once a month,524,Atlanta,1.25,0,0,0,0,0,0,0,2,0,0,0,0,0,0,0,0,0,0,0,FOX5
38,-468368767,Georgia,Decatur,Tv,Channel 5,FOX5,At least once a week,524,Atlanta,1.41,0,0,0,0,0,0,0,2,0,0,0,0,0,0,0,0,0,0,0,FOX5
40,1739419377,Georgia,Jonesboro,Television Fox News and online searches,Fox 5,FOX5,At least once a week,524,Atlanta,1.41,0,0,0,0,0,0,0,2,0,0,0,0,0,0,0,0,0,0,0,FOX5
41,2034203190,Georgia,Rex,Fox 5,Fox 5 news,FOX5,Several times a year,524,Atlanta,0.69,0,0,0,0,0,0,0,2,0,0,0,0,0,0,0,0,0,0,0,FOX5
45,777170024,Georgia,Jonesboro,Television,Channel 5,FOX5,At least once a month,524,Atlanta,1.55,0,0,0,0,0,0,0,2,0,0,0,0,0,0,0,0,0,0,0,FOX5
69,-1659729499,Georgia,Atlanta,Tv,Fox 5,FOX5,At least once a month,524,Atlanta,0.62,0,0,0,0,0,0,0,2,0,0,0,0,0,0,0,0,0,0,0,FOX5
71,-1573777846,Georgia,Carrollton,Fox,Fox5,FOX5,At least once a month,524,Atlanta,2.03,0,0,0,0,0,0,0,1,0,0,0,0,0,0,0,0,0,0,0,FOX5
76,-886680919,Georgia,Gainesville,Internet,Fox 5 Atlanta,FOX5,Once a year or less,524,Atlanta,1.33,0,0,0,0,0,0,0,2,0,0,0,0,0,0,0,0,0,0,0,FOX5
82,-134256949,Georgia,Smyrna,FOX NEWS,FOX 5,FOX5,At least once a month,524,Atlanta,0.69,0,0,0,0,0,0,0,2,0,0,0,0,0,0,0,0,0,0,0,FOX5
89,1583160678,Georgia,Atlanta,See wats going on in the world,Fox5,FOX5,Once a year or less,524,Atlanta,0.38,0,0,0,0,0,0,0,1,0,0,0,0,0,0,0,0,0,0,0,FOX5
96,-568846003,Georgia,Decatur,Local news or CNN,Fox 5 Atlanta,FOX5,Several times a year,524,Atlanta,0.7,0,0,0,0,0,0,0,2,0,0,0,0,0,0,0,0,0,0,0,FOX5
134,-1746588454,Georgia,Carrollton,"Tv,news",Fox 5,FOX5,Several times a year,524,Atlanta,0.48,0,0,0,0,0,0,0,2,0,0,0,0,0,0,0,0,0,0,0,FOX5
136,-1745792996,Georgia,Stockbridge,Tv,Channel 5,FOX5,At least once a week,524,Atlanta,1.08,0,0,0,0,0,0,0,2,0,0,0,0,0,0,0,0,0,0,0,FOX5
148,-1793581563,Georgia,Woodstock,Tv,Fox 5 Atlanta,FOX5,At least once a month,524,Atlanta,0.87,0,0,0,0,0,0,0,2,0,0,0,0,0,0,0,0,0,0,0,FOX5
155,1469000698,Georgia,Atlanta,Tv,Channel 5,FOX5,At least once a month,524,Atlanta,1.69,0,0,0,0,0,0,0,2,0,0,0,0,0,0,0,0,0,0,0,FOX5
186,-1213948521,Georgia,Blairsville,Word of mouth,Fox 5,FOX5,Once a year or less,524,Atlanta,2.03,0,0,0,0,0,0,0,2,0,0,0,0,0,0,0,0,0,0,0,FOX5
187,-1939621121,Georgia,Griffin,Television news,Fox 5,FOX5,At least once a week,524,Atlanta,0.48,0,0,0,0,0,0,0,2,0,0,0,0,0,0,0,0,0,0,0,FOX5
197,1796967461,Georgia,Douglasville,fox news,fox 5,FOX5,At least once a month,524,Atlanta,0.69,0,0,0,0,0,0,0,2,0,0,0,0,0,0,0,0,0,0,0,FOX5
223,505771735,Georgia,Atlanta,My main source of news comes from MSNBC online.,My favorite local news outlet is Fox 5 news.,FOX5,Once a year or less,524,Atlanta,0.48,0,0,0,0,0,0,0,2,0,0,0,0,0,0,0,0,0,0,0,FOX5
234,-1144789423,Georgia,Atlanta,Tv,Fox5,FOX5,Several times a year,524,Atlanta,1.08,0,0,0,0,0,0,0,1,0,0,0,0,0,0,0,0,0,0,0,FOX5
245,2108167125,Georgia,Decatur,local news stations,fox 5,FOX5,Several times a year,524,Atlanta,1.08,0,0,0,0,0,0,0,2,0,0,0,0,0,0,0,0,0,0,0,FOX5
249,2015944557,Georgia,Griffin,Fox 5,Fox 5 Atlanta,FOX5,At least once a week,524,Atlanta,0.43,0,0,0,0,0,0,0,2,0,0,0,0,0,0,0,0,0,0,0,FOX5
256,-1957980271,Georgia,Cleveland,MY LOCAL CHANNELS ON MY TV,FOX CHANNEL 5,FOX5,At least once a month,524,Atlanta,3.77,0,0,0,0,0,0,0,1,0,0,0,0,0,0,0,0,0,0,0,FOX5
305,675096271,Georgia,Cartersville,TV and Apps on my phone,Fox5,FOX5,At least once a month,524,Atlanta,1.33,0,0,0,0,0,0,0,1,0,0,0,0,0,0,0,0,0,0,0,FOX5
335,-1266179115,Georgia,Lilburn,OANN,Fox 5,FOX5,Several times a year,524,Atlanta,0.38,0,0,0,0,0,0,0,2,0,0,0,0,0,0,0,0,0,0,0,FOX5
397,1280733455,Georgia,Lawrenceville,Facebook news. I don't have TV,Fox 5,FOX5,Once a year or less,524,Atlanta,0.48,0,0,0,0,0,0,0,2,0,0,0,0,0,0,0,0,0,0,0,FOX5
420,1204333513,Georgia,Atlanta,My television,Fox 5,FOX5,At least once a week,524,Atlanta,0.69,0,0,0,0,0,0,0,2,0,0,0,0,0,0,0,0,0,0,0,FOX5
428,-1363651922,Georgia,Carrollton,Fox 5 News,Fox 5 News,FOX5,At least once a month,524,Atlanta,1.08,0,0,0,0,0,0,0,2,0,0,0,0,0,0,0,0,0,0,0,FOX5
454,-1207970187,Georgia,Norcross,YouTube,Fox5,FOX5,Several times a year,524,Atlanta,0.48,0,0,0,0,0,0,0,1,0,0,0,0,0,0,0,0,0,0,0,FOX5
480,-707073802,Georgia,Atlanta,Fox five tv,Fox 5 news GA,FOX5,Several times a year,524,Atlanta,0.38,0,0,0,0,0,0,0,2,0,0,0,0,0,0,0,0,0,0,0,FOX5
377,-17479169,Georgia,Marietta,Facebook,Good morning Atlanta,FOX5,At least once a week,524,Atlanta,0.7,0,0,0,0,0,0,0,0,0,0,0,0,0,0,0,0,0,0,0,other
453,-1187307496,Georgia,Stone Mountain,Cnn,WAGA,FOX5,Several times a year,524,Atlanta,0.54,0,0,0,0,0,0,0,0,0,0,0,0,0,0,0,0,0,0,0,other
409,-396948490,Georgia,Atlanta,What people doing in this world,"ABC  channel 5,2",FOX5,At least once a week,524,Atlanta,0.87,0,0,0,0,0,0,0,2,0,0,0,0,0,1,0,0,0,0,0,FOX5
345,1071974265,Georgia,Acworth,Google News,Fox News and Good Day Atlanta,FOX5,At least once a month,524,Atlanta,4.45,0,0,0,0,0,0,0,0,0,0,0,0,0,0,0,0,0,0,0,other
346,-181559238,Georgia,Atlanta,Google Search,Google News,GOOGLE,Several times a year,524,Atlanta,0.43,0,0,0,0,0,0,0,0,0,0,0,0,0,0,0,0,0,2,0,GOOGLE
464,-51545110,Georgia,Atlanta,I read the Google news feed for news.,I do not have a favorite locan news outlet unless you consider Google feed news a local news outlet.,GOOGLE,Several times a year,524,Atlanta,0.48,0,0,0,0,0,0,0,0,0,0,0,0,0,0,0,0,0,1,0,GOOGLE
268,-403096324,Georgia,Stone Mountain,"BBC, Reuters, AP",Georgia Public Broadcasting,GPB,At least once a week,524,Atlanta,0.69,0,0,0,0,0,0,0,0,0,0,0,0,0,0,0,0,0,0,0,other
15,1908676190,Georgia,Decatur,MSNBC on tv,Msnbc,MSNBC,At least once a week,524,Atlanta,1.41,0,0,0,0,1,0,0,0,0,0,0,0,0,0,0,0,0,0,0,MSNBC
166,-1501359270,Georgia,Jonesboro,Local channels,MSNBC,MSNBC,At least once a week,524,Atlanta,1.9,0,0,0,0,1,0,0,0,0,0,0,0,0,0,0,0,0,0,0,MSNBC
262,2081130735,Georgia,Atlanta,Tv,MSNBC,MSNBC,At least once a month,524,Atlanta,1.25,0,0,0,0,1,0,0,0,0,0,0,0,0,0,0,0,0,0,0,MSNBC
382,-147083252,Georgia,Powder Springs,fox 25,fox 25,NA,At least once a month,524,Atlanta,0.91,0,0,0,0,0,0,0,1,0,0,0,0,0,1,0,0,0,0,0,FOX5
7,657804031,Georgia,Atlanta,Google,NewsBreak,NA,At least once a month,524,Atlanta,0.87,0,0,0,0,0,0,0,0,0,0,0,0,0,0,0,0,0,0,0,other
12,1543336704,Georgia,Lawrenceville,Online New app or website,"Smartness, New York Times, Local TV news channels",NA,At least once a week,524,Atlanta,0.87,0,0,0,0,0,0,0,0,0,0,0,0,0,0,0,0,0,0,0,other
20,-1943640949,Georgia,Loganville,Internet,Local,NA,At least once a week,524,Atlanta,2.03,0,0,0,0,0,0,0,0,0,0,0,0,0,0,0,0,0,0,0,other
44,775389233,Georgia,Loganville,Google search,Reuters,NA,At least once a week,524,Atlanta,0.69,0,0,0,0,0,0,0,0,0,0,0,0,0,0,0,0,0,0,0,other
56,1693336487,Georgia,Marietta,Internet,None,NA,Several times a year,524,Atlanta,0.48,0,0,0,0,0,0,0,0,0,0,0,0,0,0,0,0,0,0,0,other
58,1132233315,Georgia,Atlanta,Wall Street journal,Do not have any,NA,At least once a week,524,Atlanta,2.43,0,0,0,0,0,0,0,0,0,0,0,0,0,0,0,0,0,0,0,other
70,-1633898786,Georgia,Cornelia,Social media,None,NA,At least once a month,524,Atlanta,0.62,0,0,0,0,0,0,0,0,0,0,0,0,0,0,0,0,0,0,0,other
74,-915432185,Georgia,Stone Mountain,Sports,Weather,NA,At least once a month,524,Atlanta,0.48,0,0,0,0,0,0,0,0,0,0,0,0,0,0,0,0,0,0,0,other
79,-799962295,Georgia,Atlanta,Social media,I dont have a favorite,NA,Several times a year,524,Atlanta,0.7,0,0,0,0,0,0,0,0,0,0,0,0,0,0,0,0,0,0,0,other
105,5548540,Georgia,Atlanta,TV,none,NA,Several times a year,524,Atlanta,0.43,0,0,0,0,0,0,0,0,0,0,0,0,0,0,0,0,0,0,0,other
109,-1000930970,Georgia,Lawrenceville,twitter,Real-time reports,NA,At least once a month,524,Atlanta,0.87,0,0,0,0,0,0,0,0,0,0,0,0,0,0,0,0,0,0,0,other
115,-734450944,Georgia,Flowery Branch,Facebook,newest,NA,At least once a month,524,Atlanta,0.54,0,0,0,0,0,0,0,0,0,0,0,0,0,0,0,0,0,0,0,other
117,1281997595,Georgia,Lawrenceville,twitter,AP,NA,Several times a year,524,Atlanta,0.62,0,0,0,0,0,0,0,0,0,0,0,0,0,0,0,0,0,0,0,other
121,-772834536,Georgia,Newnan,cnn,none,NA,Several times a year,524,Atlanta,2.03,0,0,0,0,0,0,0,0,0,0,0,0,0,0,0,0,0,0,0,other
124,1200863376,Georgia,Hiawassee,None.,Also none,NA,Never,524,Atlanta,0.69,0,0,0,0,0,0,0,0,0,0,0,0,0,0,0,0,0,0,0,other
132,-1751273518,Georgia,Marietta,"tv ,internet, social media","CBS news, ABC news, AP news",NA,At least once a week,524,Atlanta,1.55,0,0,0,0,0,0,0,0,0,0,0,0,0,0,0,0,0,0,0,other
137,380956913,Georgia,Riverdale,Yahoo news,Not sure,NA,Several times a year,524,Atlanta,1.69,0,0,0,0,0,0,0,0,0,0,0,0,0,0,0,0,0,0,0,other
141,1348970421,Georgia,Covington,Twitter,Not sure,NA,Never,524,Atlanta,0.38,0,0,0,0,0,0,0,0,0,0,0,0,0,0,0,0,0,0,0,other
171,321894122,Georgia,Atlanta,Newspaper,Texas,NA,At least once a week,524,Atlanta,2.74,0,0,0,0,0,0,0,0,0,0,0,0,0,0,0,0,0,0,0,other
173,-562896694,Georgia,Atlanta,I got my shoes back to my office,I can’t wait for my,NA,Several times a year,524,Atlanta,0.7,0,0,0,0,0,0,0,0,0,0,0,0,0,0,0,0,0,0,0,other
177,1734289491,Georgia,Newnan,Social media,None,NA,At least once a month,524,Atlanta,0.38,0,0,0,0,0,0,0,0,0,0,0,0,0,0,0,0,0,0,0,other
178,-216342454,Georgia,Forest Park,The Internet,The local news stations,NA,Several times a year,524,Atlanta,0.48,0,0,0,0,0,0,0,0,0,0,0,0,0,0,0,0,0,0,0,other
179,1892653893,Georgia,Atlanta,Regular TV stations,Regular TV channels over-the-air antenna air,NA,At least once a week,524,Atlanta,1.41,0,0,0,0,0,0,0,0,0,0,0,0,0,0,0,0,0,0,0,other
183,-1270074737,Georgia,Madison,Online and tv news and also paper news,"I think ,online and social",NA,Several times a year,524,Atlanta,0.69,0,0,0,0,0,0,0,0,0,0,0,0,0,0,0,0,0,0,0,other
195,-934783520,Georgia,Lawrenceville,My main source of news is from Apple News and Facebook,"NBC News, ABC News",NA,Once a year or less,524,Atlanta,0.91,0,0,0,0,0,0,0,0,0,0,0,0,0,0,0,0,0,0,0,other
209,-329959030,Georgia,Suwanee,tv,online,NA,At least once a week,524,Atlanta,0.54,0,0,0,0,0,0,0,0,0,0,0,0,0,0,0,0,0,0,0,other
211,-1010166762,Georgia,Lilburn,My main source of news is the radio and twitter.,Vox,NA,Several times a year,524,Atlanta,1.31,0,0,0,0,0,0,0,0,0,0,0,0,0,0,0,0,0,0,0,other
212,-610886777,Georgia,Acworth,"Google, bing, yahoo, youtube.",I don't have a favorite.,NA,Once a year or less,524,Atlanta,0.54,0,0,0,0,0,0,0,0,0,0,0,0,0,0,0,0,0,0,0,other
215,147777751,Georgia,Atlanta,Probably cnn I like there news people I feel like there the most legit news channel,CNN or Univision,NA,At least once a week,524,Atlanta,1.31,0,0,0,0,0,0,0,0,0,0,0,0,0,0,0,0,0,0,0,other
217,-1839251341,Georgia,Acworth,tv,The paper,NA,Several times a year,524,Atlanta,0.69,0,0,0,0,0,0,0,0,0,0,0,0,0,0,0,0,0,0,0,other
236,2121418042,Georgia,Lawrenceville,Local news,Waff,NA,Never,524,Atlanta,0.87,0,0,0,0,0,0,0,0,0,0,0,0,0,0,0,0,0,0,0,other
237,-1530936898,Georgia,Atlanta,My main source of news is YouTube and word of mouth.,I don’t watch local news.,NA,Several times a year,524,Atlanta,0.7,0,0,0,0,0,0,0,0,0,0,0,0,0,0,0,0,0,0,0,other
239,1201011003,Georgia,Decatur,Phone notifications,Don’t know,NA,Several times a year,524,Atlanta,0.62,0,0,0,0,0,0,0,0,0,0,0,0,0,0,0,0,0,0,0,other
243,-186659795,Georgia,Atlanta,"Radio, conversations",None,NA,Several times a year,524,Atlanta,0.38,0,0,0,0,0,0,0,0,0,0,0,0,0,0,0,0,0,0,0,other
246,2129226302,Georgia,Alpharetta,Facebook,I don’t have one,NA,At least once a month,524,Atlanta,0.38,0,0,0,0,0,0,0,0,0,0,0,0,0,0,0,0,0,0,0,other
255,-1485291570,Georgia,Fayetteville,Apple news,Iphone,NA,Once a year or less,524,Atlanta,1.31,0,0,0,0,0,0,0,0,0,0,0,0,0,0,0,0,0,0,0,other
257,260224698,Georgia,Atlanta,Fox News,Wtvy,NA,Several times a year,524,Atlanta,0.43,0,0,0,0,0,0,0,0,0,0,0,0,0,0,0,0,0,0,0,other
259,1335659836,Georgia,Loganville,Twitter,Dont have one,NA,At least once a week,524,Atlanta,0.7,0,0,0,0,0,0,0,0,0,0,0,0,0,0,0,0,0,0,0,other
261,201479968,Georgia,Atlanta,Local,Whnt,NA,At least once a month,524,Atlanta,0.48,0,0,0,0,0,0,0,0,0,0,0,0,0,0,0,0,0,0,0,other
271,-1934016420,Georgia,Marietta,Instagram and twitter and Facebook and TikTok,I don’t really have one,NA,Never,524,Atlanta,0.91,0,0,0,0,0,0,0,0,0,0,0,0,0,0,0,0,0,0,0,other
281,363095700,Georgia,Atlanta,I generally follow CNN news and a lot of other channels.,Atlanta,NA,At least once a week,524,Atlanta,0.38,0,0,0,0,0,0,0,0,0,0,0,0,0,0,0,0,0,0,0,other
285,1909500959,Georgia,Atlanta,Phone,Tv news,NA,Several times a year,524,Atlanta,0.91,0,0,0,0,0,0,0,0,0,0,0,0,0,0,0,0,0,0,0,other
289,-572630666,Georgia,Clarkston,Tiktok,Under the desk news,NA,At least once a month,524,Atlanta,1,0,0,0,0,0,0,0,0,0,0,0,0,0,0,0,0,0,0,0,other
303,-991092596,Georgia,Jonesboro,Channel,Thanks again,NA,At least once a month,524,Atlanta,0.54,0,0,0,0,0,0,0,0,0,0,0,0,0,0,0,0,0,0,0,other
306,1127724228,Georgia,Atlanta,Internet,Apple news,NA,Several times a year,524,Atlanta,0.43,0,0,0,0,0,0,0,0,0,0,0,0,0,0,0,0,0,0,0,other
310,1108633194,Georgia,Cartersville,Social media,Nike,NA,Never,524,Atlanta,0.87,0,0,0,0,0,0,0,0,0,0,0,0,0,0,0,0,0,0,0,other
312,-935099426,Georgia,Buford,Tv,ktxl,NA,At least once a week,524,Atlanta,1.92,0,0,0,0,0,0,0,0,0,0,0,0,0,0,0,0,0,0,0,other
318,-5630392,Georgia,Atlanta,News webside and social media.,Local news,NA,At least once a week,524,Atlanta,0.69,0,0,0,0,0,0,0,0,0,0,0,0,0,0,0,0,0,0,0,other
323,-100540682,Georgia,Conyers,Facebook,Tv,NA,Several times a year,524,Atlanta,0.43,0,0,0,0,0,0,0,0,0,0,0,0,0,0,0,0,0,0,0,other
336,1689166400,Georgia,Decatur,Fox News channel,Fox 6,NA,At least once a month,524,Atlanta,1,0,0,0,0,0,0,0,0,0,0,0,0,0,0,0,0,0,0,0,other
337,-261469782,Georgia,Marietta,the main source of news is very good time,my favorite local news outlet is very good pollution,NA,At least once a week,524,Atlanta,1.25,0,0,0,0,0,0,0,0,0,0,0,0,0,0,0,0,0,0,0,other
348,1077619093,Georgia,Atlanta,"news channel, social media",star tribune,NA,At least once a month,524,Atlanta,0.54,0,0,0,0,0,0,0,0,0,0,0,0,0,0,0,0,0,0,0,other
350,-2121051656,Georgia,Lawrenceville,Cnn,Abx,NA,Several times a year,524,Atlanta,0.62,0,0,0,0,0,0,0,0,0,0,0,0,0,0,0,0,0,0,0,other
358,2036478641,Georgia,Cedartown,Looking stuff up. Or asking someone,Don't watch news,NA,Never,524,Atlanta,0.91,0,0,0,0,0,0,0,0,0,0,0,0,0,0,0,0,0,0,0,other
364,454553156,Georgia,Loganville,Tv,Local channel,NA,At least once a week,524,Atlanta,0.87,0,0,0,0,0,0,0,0,0,0,0,0,0,0,0,0,0,0,0,other
365,-167783577,Georgia,Atlanta,Internet,Walmart,NA,At least once a month,524,Atlanta,0.54,0,0,0,0,0,0,0,0,0,0,0,0,0,0,0,0,0,0,0,other
369,-1849784787,Georgia,Stockbridge,Television news stations,Univision,NA,Several times a year,524,Atlanta,0.38,0,0,0,0,0,0,0,0,0,0,0,0,0,0,0,0,0,0,0,other
375,133743844,Georgia,Atlanta,Social media and family and friends,I doubt watch the local news,NA,Several times a year,524,Atlanta,0.48,0,0,0,0,0,0,0,0,0,0,0,0,0,0,0,0,0,0,0,other
379,654634880,Georgia,Rome,News App,No favorite don't always watch,NA,Several times a year,524,Atlanta,0.38,0,0,0,0,0,0,0,0,0,0,0,0,0,0,0,0,0,0,0,other
381,-763999351,Georgia,Jonesboro,Youtube,I have none,NA,Once a year or less,524,Atlanta,4.45,0,0,0,0,0,0,0,0,0,0,0,0,0,0,0,0,0,0,0,other
384,-1537213791,Georgia,Athens,Youtube,Channels. Tv,NA,Never,524,Atlanta,0.87,0,0,0,0,0,0,0,0,0,0,0,0,0,0,0,0,0,0,0,other
386,-1776600836,Georgia,Atlanta,Internet,Wjtv,NA,At least once a month,524,Atlanta,0.43,0,0,0,0,0,0,0,0,0,0,0,0,0,0,0,0,0,0,0,other
390,-1274896318,Georgia,Kennesaw,Social media,Cctv,NA,Several times a year,524,Atlanta,5.33,0,0,0,0,0,0,0,0,0,0,0,0,0,0,0,0,0,0,0,other
394,-1963459739,Georgia,Alpharetta,The Internet,I'm not sure,NA,Several times a year,524,Atlanta,0.43,0,0,0,0,0,0,0,0,0,0,0,0,0,0,0,0,0,0,0,other
400,-460423868,Georgia,Atlanta,Radio,Newspaper,NA,Several times a year,524,Atlanta,0.38,0,0,0,0,0,0,0,0,0,0,0,0,0,0,0,0,0,0,0,other
407,904375452,Georgia,Stone Mountain,Word of Mouth,Television,NA,At least once a week,524,Atlanta,0.48,0,0,0,0,0,0,0,0,0,0,0,0,0,0,0,0,0,0,0,other
412,1264853230,Georgia,Atlanta,Tv,Channels 4,NA,At least once a month,524,Atlanta,1.31,0,0,0,0,0,0,0,0,0,0,0,0,0,0,0,0,0,0,0,other
413,-365055632,Georgia,Canton,Internet browsing,None,NA,At least once a month,524,Atlanta,0.38,0,0,0,0,0,0,0,0,0,0,0,0,0,0,0,0,0,0,0,other
418,-1140265692,Georgia,Atlanta,Cell phone,World wide news,NA,At least once a week,524,Atlanta,0.62,0,0,0,0,0,0,0,0,0,0,0,0,0,0,0,0,0,0,0,other
419,-1520834620,Georgia,Gainesville,I like watching fox news and facebook,Chanel 4 wesh,NA,Several times a year,524,Atlanta,0.43,0,0,0,0,0,0,0,0,0,0,0,0,0,0,0,0,0,0,0,other
430,240034405,Georgia,Atlanta,Facebook,48 news,NA,Never,524,Atlanta,0.43,0,0,0,0,0,0,0,0,0,0,0,0,0,0,0,0,0,0,0,other
438,-151950363,Georgia,Marietta,Internet or Social media,Automatic news feed from internet.,NA,At least once a month,524,Atlanta,0.62,0,0,0,0,0,0,0,0,0,0,0,0,0,0,0,0,0,0,0,other
443,1308071051,Georgia,Atlanta,Google news,WDEF,WDEF,At least once a week,524,Atlanta,1.25,0,0,0,0,0,0,0,0,0,0,0,0,0,0,0,0,0,0,0,other
447,-735493517,Georgia,Canton,"Local news like abc, nbc.",Local news like abc and nbc usually.,NA,At least once a month,524,Atlanta,1.08,0,0,0,0,0,0,0,0,0,0,0,0,0,0,0,0,0,0,0,other
455,1864306675,Georgia,Conyers,Social media,online,NA,Several times a year,524,Atlanta,0.7,0,0,0,0,0,0,0,0,0,0,0,0,0,0,0,0,0,0,0,other
457,-466705109,Georgia,Atlanta,Tv,Apb,NA,At least once a month,524,Atlanta,0.54,0,0,0,0,0,0,0,0,0,0,0,0,0,0,0,0,0,0,0,other
458,-471662469,Georgia,Lawrenceville,Internet,Idk,NA,At least once a month,524,Atlanta,0.62,0,0,0,0,0,0,0,0,0,0,0,0,0,0,0,0,0,0,0,other
472,-117132013,Georgia,Atlanta,Tv,Aaj tak,NA,Once a year or less,524,Atlanta,0.38,0,0,0,0,0,0,0,0,0,0,0,0,0,0,0,0,0,0,0,other
485,-963442089,Georgia,Atlanta,Tv,AVP,NA,At least once a month,524,Atlanta,0.54,0,0,0,0,0,0,0,0,0,0,0,0,0,0,0,0,0,0,0,other
488,-237625634,Georgia,Atlanta,T.v,Hindustan,NA,At least once a week,524,Atlanta,0.38,0,0,0,0,0,0,0,0,0,0,0,0,0,0,0,0,0,0,0,other
493,1390996055,Georgia,Atlanta,Google news,WDEF,WDEF,At least once a week,524,Atlanta,1.25,0,0,0,0,0,0,0,0,0,0,0,0,0,0,0,0,0,0,0,other
496,-1797847881,Georgia,Atlanta,Tv,Jee news,NA,At least once a week,524,Atlanta,0.69,0,0,0,0,0,0,0,0,0,0,0,0,0,0,0,0,0,0,0,other
498,1373761522,Georgia,Lawrenceville,Tv,Cvn,NA,At least once a week,524,Atlanta,0.69,0,0,0,0,0,0,0,0,0,0,0,0,0,0,0,0,0,0,0,other
90,81938723,Georgia,Lawrenceville,Social media,Nbc,NBC,At least once a month,524,Atlanta,0.91,0,0,0,0,0,1,0,0,0,0,0,0,0,0,0,0,0,0,0,NBC
112,-581168907,Georgia,Lawrenceville,twitter,nbc,NBC,Several times a year,524,Atlanta,0.7,0,0,0,0,0,1,0,0,0,0,0,0,0,0,0,0,0,0,0,NBC
181,-1086970830,Georgia,Atlanta,Nbc,Nbc,NBC,At least once a month,524,Atlanta,0.69,0,0,0,0,0,1,0,0,0,0,0,0,0,0,0,0,0,0,0,NBC
198,2094354278,Georgia,Lawrenceville,Streaming on nbc news app,NBC,NBC,At least once a week,524,Atlanta,0.54,0,0,0,0,0,1,0,0,0,0,0,0,0,0,0,0,0,0,0,NBC
204,-386385391,Georgia,Marietta,Face book.,NBC,NBC,Once a year or less,524,Atlanta,0.54,0,0,0,0,0,1,0,0,0,0,0,0,0,0,0,0,0,0,0,NBC
210,993520840,Georgia,Stone Mountain,phone,nbc,NBC,Several times a year,524,Atlanta,1.25,0,0,0,0,0,1,0,0,0,0,0,0,0,0,0,0,0,0,0,NBC
218,-1298418276,Georgia,Calhoun,Local new2,Nbc,NBC,Several times a year,524,Atlanta,0.62,0,0,0,0,0,1,0,0,0,0,0,0,0,0,0,0,0,0,0,NBC
222,441239529,Georgia,Ellenwood,tv,nbc news,NBC,At least once a week,524,Atlanta,1.9,0,0,0,0,0,1,0,0,0,0,0,0,0,0,0,0,0,0,0,NBC
398,1515089300,Georgia,Atlanta,New York Times,NBC,NBC,At least once a month,524,Atlanta,0.48,0,0,0,0,0,1,0,0,0,0,0,0,0,0,0,0,0,0,0,NBC
399,-1179436737,Georgia,Smyrna,News Stream,nbc,NBC,At least once a week,524,Atlanta,0.54,0,0,0,0,0,1,0,0,0,0,0,0,0,0,0,0,0,0,0,NBC
451,-1217441836,Georgia,Lawrenceville,Internet,NBC,NBC,Several times a year,524,Atlanta,0.48,0,0,0,0,0,1,0,0,0,0,0,0,0,0,0,0,0,0,0,NBC
479,1990850245,Georgia,Atlanta,Tv,News24,NEWS24,At least once a month,524,Atlanta,0.69,0,0,0,0,0,0,0,0,0,0,0,0,0,1,0,0,0,0,0,WSBTV
33,327321165,Georgia,Rome,The internet,Local newspaper,NEWSPAPER,Several times a year,524,Atlanta,0.43,0,0,0,0,0,0,0,0,0,0,0,0,0,0,0,0,0,0,0,other
188,-1951983268,Georgia,Atlanta,Television,Newspaper,NEWSPAPER,Once a year or less,524,Atlanta,0.38,0,0,0,0,0,0,0,0,0,0,0,0,0,0,0,0,0,0,0,other
372,1974262137,Georgia,Gainesville,Word of mouth,The Gainesville Times,NEWSPAPER,Several times a year,524,Atlanta,0.43,0,0,0,0,0,0,0,0,0,0,0,0,0,0,0,0,0,0,0,other
449,-930721781,Georgia,Atlanta,TV,News paper,NEWSPAPER,At least once a week,524,Atlanta,0.54,0,0,0,0,0,0,0,0,0,0,0,0,0,0,0,0,0,0,0,other
450,1665857913,Georgia,Atlanta,T.v,Newspaper,NEWSPAPER,Several times a year,524,Atlanta,0.54,0,0,0,0,0,0,0,0,0,0,0,0,0,0,0,0,0,0,0,other
460,301093610,Georgia,Atlanta,T.v,Newspaper,NEWSPAPER,Several times a year,524,Atlanta,0.54,0,0,0,0,0,0,0,0,0,0,0,0,0,0,0,0,0,0,0,other
471,-769497113,Georgia,Atlanta,T.v,Newspaper,NEWSPAPER,At least once a week,524,Atlanta,0.54,0,0,0,0,0,0,0,0,0,0,0,0,0,0,0,0,0,0,0,other
475,-510898913,Georgia,Atlanta,Tv,Newspaper,NEWSPAPER,At least once a month,524,Atlanta,0.54,0,0,0,0,0,0,0,0,0,0,0,0,0,0,0,0,0,0,0,other
481,1015188181,Georgia,Atlanta,Tv,Newspaper,NEWSPAPER,At least once a month,524,Atlanta,0.54,0,0,0,0,0,0,0,0,0,0,0,0,0,0,0,0,0,0,0,other
499,-913503272,Georgia,Atlanta,Tv,Newspaper,NEWSPAPER,At least once a month,524,Atlanta,0.54,0,0,0,0,0,0,0,0,0,0,0,0,0,0,0,0,0,0,0,other
441,338979874,Georgia,Atlanta,Newspaper,The New York,NYT,Several times a year,524,Atlanta,0.54,0,0,0,0,0,0,0,0,0,0,0,0,0,0,0,0,0,0,0,other
452,63417223,Georgia,Atlanta,News paper,The New York,NYT,Several times a year,524,Atlanta,0.38,0,0,0,0,0,0,0,0,0,0,0,0,0,0,0,0,0,0,0,other
469,1769271127,Georgia,Atlanta,Newspaper,The New York,NYT,At least once a month,524,Atlanta,0.38,0,0,0,0,0,0,0,0,0,0,0,0,0,0,0,0,0,0,0,other
473,775872497,Georgia,Atlanta,Newspaper,The New York,NYT,Several times a year,524,Atlanta,0.54,0,0,0,0,0,0,0,0,0,0,0,0,0,0,0,0,0,0,0,other
494,2125692931,Georgia,Atlanta,Newspaper,The New York,NYT,At least once a month,524,Atlanta,0.54,0,0,0,0,0,0,0,0,0,0,0,0,0,0,0,0,0,0,0,other
80,1729433364,Georgia,Atlanta,Oan,Oan,OAN,Never,524,Atlanta,1.08,0,0,0,0,0,0,0,0,0,0,0,0,0,0,0,0,0,0,0,other
439,-726545919,Georgia,Atlanta,Youtube or Joe rogan,Rock 100.5,RADIO,At least once a month,524,Atlanta,0.62,0,0,0,0,0,0,0,1,0,0,0,0,0,0,0,0,0,0,0,FOX5
21,-116867376,Georgia,Atlanta,Radio,Bbc,BBC,Several times a year,524,Atlanta,0.43,0,0,0,0,0,0,0,0,0,0,0,0,0,0,0,0,0,0,0,other
52,1663721354,Georgia,Carrollton,Radio,Atlanta radio,RADIO,At least once a month,524,Atlanta,1.08,0,0,0,0,0,0,0,0,0,0,0,0,0,0,0,0,0,0,0,other
165,144092120,Georgia,Decatur,PBS and NPR,WABE,RADIO,At least once a month,524,Atlanta,1.9,0,0,0,0,0,0,0,0,0,0,0,0,0,0,0,0,0,0,0,other
67,-1744659984,Georgia,Dallas,Internet,Social media,SOCIAL MEDIA,Several times a year,524,Atlanta,0.87,0,0,0,0,0,0,0,0,0,0,0,0,0,0,0,0,0,0,0,other
122,-1078629354,Georgia,Alpharetta,Social media,Tick tock,SOCIAL MEDIA,Several times a year,524,Atlanta,0.48,0,0,0,0,0,0,0,0,0,0,0,0,0,0,0,0,0,0,0,other
200,-1835133585,Georgia,Lawrenceville,Internet,Faceook,SOCIAL MEDIA,Never,524,Atlanta,0.48,0,0,0,0,0,0,0,0,0,0,0,0,0,0,0,0,0,0,0,other
270,1208557929,Georgia,Atlanta,Internet,YouTube,SOCIAL MEDIA,Once a year or less,524,Atlanta,1,0,0,0,0,0,0,0,0,0,0,0,0,0,0,0,0,0,0,0,other
272,-1114926860,Georgia,Marietta,Google news or youtube news channels,Youtube news,SOCIAL MEDIA,Several times a year,524,Atlanta,0.38,0,0,0,0,0,0,0,0,0,0,0,0,0,0,0,0,0,0,0,other
465,1397876954,Georgia,Lawrenceville,YouTube podcasts,YouTube podcasts,SOCIAL MEDIA,Never,524,Atlanta,0.7,0,0,0,0,0,0,0,0,0,0,0,0,0,0,0,0,0,0,0,other
484,-1766554501,Georgia,Atlanta,Social Media,Youtube,SOCIAL MEDIA,At least once a week,524,Atlanta,0.62,0,0,0,0,0,0,0,0,0,0,0,0,0,0,0,0,0,0,0,other
5,2101914540,Georgia,Conley,Internet,Twitter,SOCIAL MEDIA,At least once a week,524,Atlanta,0.48,0,0,0,0,0,0,0,0,0,0,0,0,0,0,0,0,0,0,1,SOCIAL MEDIA
81,-717615349,Georgia,Lawrenceville,Social Media,Social Media,SOCIAL MEDIA,At least once a week,524,Atlanta,0.62,0,0,0,0,0,0,0,0,0,0,0,0,0,0,0,0,0,0,1,SOCIAL MEDIA
207,-329992699,Georgia,Suwanee,I watch news in online.,Facebook page,SOCIAL MEDIA,At least once a week,524,Atlanta,0.69,0,0,0,0,0,0,0,0,0,0,0,0,0,0,0,0,0,0,1,SOCIAL MEDIA
263,541087221,Georgia,Smyrna,Social media and television,Instagram,SOCIAL MEDIA,Once a year or less,524,Atlanta,0.43,0,0,0,0,0,0,0,0,0,0,0,0,0,0,0,0,0,0,1,SOCIAL MEDIA
316,-346851935,Georgia,Suwanee,"facebook,instagram,twitter,tv news.",facebook.,SOCIAL MEDIA,Once a year or less,524,Atlanta,0.54,0,0,0,0,0,0,0,0,0,0,0,0,0,0,0,0,0,0,1,SOCIAL MEDIA
328,920439939,Georgia,Lithonia,Social media,Twitter,SOCIAL MEDIA,At least once a month,524,Atlanta,0.54,0,0,0,0,0,0,0,0,0,0,0,0,0,0,0,0,0,0,1,SOCIAL MEDIA
370,1171707031,Georgia,Griffin,Internet,Facebook,SOCIAL MEDIA,At least once a week,524,Atlanta,0.62,0,0,0,0,0,0,0,0,0,0,0,0,0,0,0,0,0,0,1,SOCIAL MEDIA
414,-815800648,Georgia,Powder Springs,Fox5 and Instagram,Instagram,SOCIAL MEDIA,Several times a year,524,Atlanta,1.31,0,0,0,0,0,0,0,0,0,0,0,0,0,0,0,0,0,0,1,SOCIAL MEDIA
461,236847917,Georgia,Atlanta,Social media,Facebook,SOCIAL MEDIA,At least once a month,524,Atlanta,0.91,0,0,0,0,0,0,0,0,0,0,0,0,0,0,0,0,0,0,1,SOCIAL MEDIA
483,-145788181,Georgia,Covington,YouTube,Instagram,SOCIAL MEDIA,Once a year or less,524,Atlanta,1.31,0,0,0,0,0,0,0,0,0,0,0,0,0,0,0,0,0,0,1,SOCIAL MEDIA
500,546701520,Georgia,Riverdale,Social media,Facebook,SOCIAL MEDIA,Never,524,Atlanta,1,0,0,0,0,0,0,0,0,0,0,0,0,0,0,0,0,0,0,1,SOCIAL MEDIA
322,-1389033566,Georgia,Suwanee,UAS News,USA News,USA,At least once a week,524,Atlanta,0.62,0,0,0,0,0,0,0,0,0,0,0,0,0,0,0,0,0,0,0,other
490,1270258082,Georgia,Gainesville,Online publication like local apps and national news apps,Accessnorthga.com,WDUN-RADIO,At least once a month,524,Atlanta,0.48,0,0,0,0,0,0,0,0,0,0,0,0,0,0,0,0,0,0,0,other
28,-1718122955,Georgia,Mableton,Fox news,CBS 46,WGCL,At least once a week,524,Atlanta,1.25,0,0,0,0,0,0,0,0,0,0,0,0,2,0,0,0,0,0,0,WGCL
78,-132526846,Georgia,Atlanta,I don't watch news at all,Cbs46,WGCL,At least once a month,524,Atlanta,0.7,0,0,0,0,0,0,0,0,0,0,0,0,1,0,0,0,0,0,0,WGCL
220,1316232571,Georgia,Atlanta,Cbs morning news,Cbs 46,WGCL,Once a year or less,524,Atlanta,0.48,0,0,0,0,0,0,0,0,0,0,0,0,2,0,0,0,0,0,0,WGCL
250,1290506369,Georgia,Marietta,Reddit,CBS 46,WGCL,At least once a month,524,Atlanta,0.69,0,0,0,0,0,0,0,0,0,0,0,0,2,0,0,0,0,0,0,WGCL
101,232463538,Georgia,Atlanta,Online,Wjbf news channel 6,WJBF,Several times a year,524,Atlanta,0.43,0,0,0,0,0,0,0,0,0,0,0,0,0,0,0,2,0,0,0,WJBF
126,-1806834474,Georgia,Atlanta,Fox,Wjbf,WJBF,At least once a month,524,Atlanta,0.48,0,0,0,0,0,0,0,0,0,0,0,0,0,0,0,1,0,0,0,WJBF
311,-713993598,Georgia,Woodbury,CNN,WJBF,WJBF,At least once a week,524,Atlanta,0.7,0,0,0,0,0,0,0,0,0,0,0,0,0,0,0,1,0,0,0,WJBF
317,-1583328106,Georgia,Atlanta,Fox,13 wmaz,WMAZ,At least once a month,524,Atlanta,0.62,0,0,0,0,0,0,0,0,0,2,0,0,0,0,0,0,0,0,0,WMAZ
395,1695483164,Georgia,Atlanta,Fox news,13 wmaz,WMAZ,At least once a month,524,Atlanta,0.62,0,0,0,0,0,0,0,0,0,2,0,0,0,0,0,0,0,0,0,WMAZ
86,3592358,Georgia,Atlanta,tv,wrdw,WRDW,Several times a year,524,Atlanta,0.48,0,0,0,0,0,0,0,0,0,0,0,0,0,0,1,0,0,0,0,WRDW
30,2023588124,Georgia,Dallas,ABC News,WSB-TV,WSBTV,At least once a week,524,Atlanta,1.69,0,0,0,0,0,0,0,0,0,0,0,0,0,2,0,0,0,0,0,WSBTV
46,229187788,Georgia,Atlanta,CNN,WSB Ch. 2,WSBTV,At least once a week,524,Atlanta,1.92,0,0,0,0,0,0,0,0,0,0,0,0,0,3,0,0,0,0,0,WSBTV
59,1770729661,Georgia,Stone Mountain,CNN,Wsb tv,WSBTV,Several times a year,524,Atlanta,0.54,0,0,0,0,0,0,0,0,0,0,0,0,0,1,0,0,0,0,0,WSBTV
60,1084875505,Georgia,Canton,Local news,Wsb,WSBTV,At least once a week,524,Atlanta,0.48,0,0,0,0,0,0,0,0,0,0,0,0,0,1,0,0,0,0,0,WSBTV
91,85669260,Georgia,Statham,Google,Wsbtv,WSBTV,At least once a week,524,Atlanta,0.43,0,0,0,0,0,0,0,0,0,0,0,0,0,1,0,0,0,0,0,WSBTV
119,1968101580,Georgia,Atlanta,Local TV,WSBTV,WSBTV,At least once a week,524,Atlanta,0.69,0,0,0,0,0,0,0,0,0,0,0,0,0,1,0,0,0,0,0,WSBTV
120,-385789868,Georgia,Atlanta,Internet,WSBTV,WSBTV,At least once a week,524,Atlanta,0.69,0,0,0,0,0,0,0,0,0,0,0,0,0,1,0,0,0,0,0,WSBTV
125,-1833549594,Georgia,Woodstock,Radio,Wsb,WSBTV,At least once a month,524,Atlanta,0.38,0,0,0,0,0,0,0,0,0,0,0,0,0,1,0,0,0,0,0,WSBTV
131,-613802371,Georgia,Athens,CNN network,WSB network Atlanta,WSBTV,At least once a month,524,Atlanta,2.03,0,0,0,0,0,0,0,0,0,0,0,0,0,1,0,0,0,0,0,WSBTV
133,-1751212846,Georgia,McDonough,Local news channels on cable tv.,WSB,WSBTV,Several times a year,524,Atlanta,1.33,0,0,0,0,0,0,0,0,0,0,0,0,0,1,0,0,0,0,0,WSBTV
139,2072782747,Georgia,Stockbridge,"Google, fb, phone",Newsbreak,WSBTV,Once a year or less,524,Atlanta,0.7,0,0,0,0,0,0,0,0,0,0,0,0,0,1,0,0,0,0,0,WSBTV
154,1339285907,Georgia,Jonesboro,Social media,"ABC, Channel 2",WSBTV,At least once a week,524,Atlanta,1.41,0,0,0,0,0,0,0,0,0,0,0,0,0,2,0,0,0,0,0,WSBTV
163,209967244,Georgia,Newnan,Fox news,Wsb,WSBTV,At least once a week,524,Atlanta,1.92,0,0,0,0,0,0,0,0,0,0,0,0,0,1,0,0,0,0,0,WSBTV
276,987297880,Georgia,Blairsville,Internet,WSBTV,WSBTV,At least once a month,524,Atlanta,1.08,0,0,0,0,0,0,0,0,0,0,0,0,0,1,0,0,0,0,0,WSBTV
288,-327779949,Georgia,Woodstock,TV and internet,Wsbtv,WSBTV,Several times a year,524,Atlanta,0.62,0,0,0,0,0,0,0,0,0,0,0,0,0,1,0,0,0,0,0,WSBTV
295,-2034986046,Georgia,Monroe,Smartphone,Channel 2,WSBTV,At least once a week,524,Atlanta,0.48,0,0,0,0,0,0,0,0,0,0,0,0,0,2,0,0,0,0,0,WSBTV
299,470111932,Georgia,Atlanta,MSNBC,WSB,WSBTV,At least once a week,524,Atlanta,1.41,0,0,0,0,0,0,0,0,0,0,0,0,0,1,0,0,0,0,0,WSBTV
302,233947013,Georgia,Alpharetta,MSNBC,WSBTV,WSBTV,At least once a week,524,Atlanta,0.43,0,0,0,0,0,0,0,0,0,0,0,0,0,1,0,0,0,0,0,WSBTV
304,1748878490,Georgia,Atlanta,Web,WSB,WSBTV,Several times a year,524,Atlanta,1.08,0,0,0,0,0,0,0,0,0,0,0,0,0,1,0,0,0,0,0,WSBTV
339,472816720,Georgia,Douglasville,Fox News app and station,WSBTV,WSBTV,At least once a week,524,Atlanta,1.33,0,0,0,0,0,0,0,0,0,0,0,0,0,1,0,0,0,0,0,WSBTV
343,-103156559,Georgia,Decatur,TV,Channel 2,WSBTV,At least once a week,524,Atlanta,1.55,0,0,0,0,0,0,0,0,0,0,0,0,0,2,0,0,0,0,0,WSBTV
366,14661478,Georgia,Atlanta,Local news,Fox2,WSBTV,At least once a week,524,Atlanta,0.48,0,0,0,0,0,0,0,0,0,0,0,0,0,1,0,0,0,0,0,WSBTV
403,-2063109678,Georgia,Grayson,Social media,Channel 2 action news,WSBTV,At least once a week,524,Atlanta,0.7,0,0,0,0,0,0,0,0,0,0,0,0,0,2,0,0,0,0,0,WSBTV
422,598088457,Georgia,Atlanta,Social media,Channel 2 Action News,WSBTV,Several times a year,524,Atlanta,0.87,0,0,0,0,0,0,0,0,0,0,0,0,0,2,0,0,0,0,0,WSBTV
429,1225832966,Georgia,Atlanta,Cnn,Wsb,WSBTV,At least once a week,524,Atlanta,0.48,0,0,0,0,0,0,0,0,0,0,0,0,0,1,0,0,0,0,0,WSBTV
437,-392963987,Georgia,Cumming,"CNN, World News Tonight, and my local news TV channel.",WSB Channel 2,WSBTV,At least once a month,524,Atlanta,0.62,0,0,0,0,0,0,0,0,0,0,0,0,0,3,0,0,0,0,0,WSBTV
448,1194498079,Georgia,Calhoun,Google,WSB TV,WSBTV,Once a year or less,524,Atlanta,0.43,0,0,0,0,0,0,0,0,0,0,0,0,0,1,0,0,0,0,0,WSBTV
8,-2115683008,Georgia,Atlanta,My phone through news app or socialedia,Wsoctv,WSOCTV,Once a year or less,524,Atlanta,0.43,0,0,0,0,0,0,0,0,0,0,0,0,0,0,0,0,0,0,0,other
17,1722438395,Georgia,Monroe,Youtube,11 alive,WXIA,Once a year or less,524,Atlanta,0.43,0,0,0,0,0,0,3,0,0,0,0,0,0,0,0,0,0,0,0,WXIA
47,1983872055,Georgia,Atlanta,News channels an online,Channel 11,WXIA,At least once a week,524,Atlanta,0.43,0,0,0,0,0,0,2,0,0,0,0,0,0,0,0,0,0,0,0,WXIA
129,-1782847048,Georgia,Rome,"My main source of news is NBC nightly, npr, and cnn","11 alive NBC affiliate out of Atlanta, ga",WXIA,At least once a month,524,Atlanta,1.55,0,0,0,0,0,0,3,0,0,0,0,0,0,0,0,0,0,0,0,WXIA
308,-1271505159,Georgia,Atlanta,Local tv news,11 alive,WXIA,Several times a year,524,Atlanta,0.62,0,0,0,0,0,0,3,0,0,0,0,0,0,0,0,0,0,0,0,WXIA
373,-300833865,Georgia,Atlanta,Fark.com,11alive,WXIA,At least once a month,524,Atlanta,0.48,0,0,0,0,0,0,3,0,0,0,0,0,0,0,0,0,0,0,0,WXIA
97,527298564,Georgia,Louisville,Tv,Abc,ABC,At least once a month,520,Augusta-Aiken,0.54,0,1,0,0,0,0,0,0,0,0,0,0,0,0,0,0,0,0,0,ABC
391,1766792201,Georgia,Stapleton,Tv,ABC news,ABC,At least once a week,520,Augusta-Aiken,3.77,0,0,0,0,0,0,0,0,0,0,0,0,0,0,0,0,0,0,0,other
36,-916652027,Georgia,Augusta,Television and the internet,Fox news,FOX,At least once a week,520,Augusta-Aiken,1.25,1,0,0,0,0,0,0,0,0,0,0,0,0,0,0,0,0,0,0,FOX
51,971950344,Georgia,Augusta,Newspaper,Fox,FOX,Several times a year,520,Augusta-Aiken,1.92,1,0,0,0,0,0,0,0,0,0,0,0,0,0,0,0,0,0,0,FOX
95,1026754257,Georgia,Augusta,NBC news,FOX,FOX,At least once a week,520,Augusta-Aiken,0.69,1,0,0,0,0,0,0,0,0,0,0,0,0,0,0,0,0,0,0,FOX
380,1006436715,Georgia,Augusta,Google,Google,GOOGLE,At least once a week,520,Augusta-Aiken,1.55,0,0,0,0,0,0,0,0,0,0,0,0,0,0,0,0,0,1,0,GOOGLE
144,675338033,Georgia,Hephzibah,cnn,hln,HLN,At least once a week,520,Augusta-Aiken,1.92,0,0,0,0,0,0,0,0,0,0,0,0,0,0,0,0,0,0,0,other
140,738309292,Georgia,Grovetown,CNN,Nothing honestly,NA,Several times a year,520,Augusta-Aiken,1,0,0,0,0,0,0,0,0,0,0,0,0,0,0,0,0,0,0,0,other
196,305052933,Georgia,Augusta,Social media apps,None,NA,At least once a week,520,Augusta-Aiken,0.7,0,0,0,0,0,0,0,0,0,0,0,0,0,0,0,0,0,0,0,other
1,374323323,Georgia,Augusta,Mixture of sources,None,NA,At least once a month,520,Augusta-Aiken,0.62,0,0,0,0,0,0,0,0,0,0,0,0,0,0,0,0,0,0,0,other
85,-657588197,Georgia,Hephzibah,Tv,Wrdw,WRDW,Several times a year,520,Augusta-Aiken,1.08,0,0,0,0,0,0,0,0,0,0,0,0,0,0,1,0,0,0,0,WRDW
10,772227391,Georgia,Dalton,Live news channels,ABC,ABC,At least once a week,575,Chattanooga,0.54,0,1,0,0,0,0,0,0,0,0,0,0,0,0,0,0,0,0,0,ABC
417,-778502269,Georgia,Dalton,T.v,Cbs,CBS,Never,575,Chattanooga,1.08,0,0,1,0,0,0,0,0,0,0,0,0,0,0,0,0,0,0,0,CBS
201,783636206,Georgia,Chatsworth,Tv,Fox,FOX,Several times a year,575,Chattanooga,0.7,1,0,0,0,0,0,0,0,0,0,0,0,0,0,0,0,0,0,0,FOX
462,-117684964,Georgia,Rossville,Apple News,FOX,FOX,At least once a month,575,Chattanooga,0.43,1,0,0,0,0,0,0,0,0,0,0,0,0,0,0,0,0,0,0,FOX
84,194656592,Georgia,Rossville,local tv news,wtci,NA,At least once a week,575,Chattanooga,2.43,0,0,0,0,0,0,0,0,0,0,0,0,0,0,0,0,0,0,0,other
93,138336778,Georgia,LaFayette,New nation,News nation,NA,At least once a month,575,Chattanooga,0.7,0,0,0,0,0,0,0,0,0,0,0,0,0,0,0,0,0,0,0,other
468,-1090613289,Georgia,Dalton,Local,Wtvc,NA,At least once a week,575,Chattanooga,0.43,0,0,0,0,0,0,0,0,0,0,0,0,0,0,0,0,0,0,0,other
341,1116547542,Georgia,Chickamauga,Internet,12,NA,Several times a year,575,Chattanooga,0.43,0,0,0,0,0,0,0,0,0,0,0,0,0,1,0,0,0,0,0,WSBTV
77,-855426569,Georgia,Chickamauga,Facebook,The local county Facebook page,SOCIAL MEDIA,Several times a year,575,Chattanooga,0.48,0,0,0,0,0,0,0,0,0,0,0,0,0,0,0,0,0,0,1,SOCIAL MEDIA
319,1761087630,Georgia,Chatsworth,Tv,News channel 3,WRCB,Never,575,Chattanooga,0.48,0,0,0,0,0,0,0,0,1,0,0,0,0,0,0,0,0,0,0,WLBT
170,-174672829,Georgia,Rising Fawn,Internet,Local channel 12,WDEF,At least once a month,575,Chattanooga,1.33,0,0,0,0,0,0,0,0,0,0,0,0,0,1,0,0,0,0,0,WSBTV
290,-238553883,Georgia,Columbus,I look at all news but I watch CNN  the most,CNN,CNN,At least once a week,522,"Columbus, GA (Opelika, AL)",1.55,0,0,0,1,0,0,0,0,0,0,0,0,0,0,0,0,0,0,0,CNN
478,1383352095,Georgia,Columbus,Fox news,Cnn,CNN,At least once a month,522,"Columbus, GA (Opelika, AL)",0.7,0,0,0,1,0,0,0,0,0,0,0,0,0,0,0,0,0,0,0,CNN
213,203873493,Georgia,Columbus,The news channel,Fox news,FOX,Once a year or less,522,"Columbus, GA (Opelika, AL)",1,1,0,0,0,0,0,0,0,0,0,0,0,0,0,0,0,0,0,0,FOX
286,-414521809,Georgia,Columbus,Social media,Fox,FOX,Once a year or less,522,"Columbus, GA (Opelika, AL)",0.43,1,0,0,0,0,0,0,0,0,0,0,0,0,0,0,0,0,0,0,FOX
278,972227201,Georgia,Columbus,Breaking news on my phone,Don't have one,NA,Several times a year,522,"Columbus, GA (Opelika, AL)",1.9,0,0,0,0,0,0,0,0,0,0,0,0,0,0,0,0,0,0,0,other
309,531033004,Georgia,Columbus,Duchy truth Fruchtbarkeit Thunderbird,Bitch,NA,At least once a week,522,"Columbus, GA (Opelika, AL)",0.91,0,0,0,0,0,0,0,0,0,0,0,0,0,0,0,0,0,0,0,other
393,983031435,Georgia,Columbus,Fox News,WSFA Fox,NA,At least once a month,522,"Columbus, GA (Opelika, AL)",0.48,0,0,0,0,0,0,0,0,0,0,0,0,0,0,0,0,0,0,0,other
411,-1297627364,Georgia,Columbus,Tv,Fox 6,NA,At least once a month,522,"Columbus, GA (Opelika, AL)",1.92,0,0,0,0,0,0,0,0,0,0,0,0,0,0,0,0,0,0,0,other
340,-182092344,Georgia,Columbus,Social Media,Washington post,WAPO,Several times a year,522,"Columbus, GA (Opelika, AL)",0.91,0,0,0,0,0,0,0,0,0,0,0,0,0,0,0,0,0,0,0,other
396,-758040799,Georgia,Columbus,My daily social media.,WDHN,WDHN,Several times a year,522,"Columbus, GA (Opelika, AL)",1,0,0,0,0,0,0,0,0,0,0,0,0,0,0,0,0,0,0,0,other
18,-710904671,Georgia,Columbus,facebook,channel 9,WTVM,At least once a week,522,"Columbus, GA (Opelika, AL)",0.7,0,0,0,0,0,0,0,0,0,0,2,0,0,0,0,0,0,0,0,WTVM
229,-1414688064,Georgia,Columbus,Social media,Wtvm news leader 9,WTVM,At least once a month,522,"Columbus, GA (Opelika, AL)",0.38,0,0,0,0,0,0,0,0,0,0,2,0,0,0,0,0,0,0,0,WTVM
242,779394587,Georgia,Columbus,Social media,News19,WTVM,Several times a year,522,"Columbus, GA (Opelika, AL)",5.33,0,0,0,0,0,0,0,0,0,0,1,0,0,0,0,0,0,0,0,WTVM
244,-100693230,Georgia,Columbus,Social media,News leader nine,WTVM,Several times a year,522,"Columbus, GA (Opelika, AL)",0.62,0,0,0,0,0,0,0,0,0,0,1,0,0,0,0,0,0,0,0,WTVM
320,1951978340,Georgia,Columbus,Local wtvm or cnn,Wtvm,WTVM,Several times a year,522,"Columbus, GA (Opelika, AL)",0.7,0,0,0,0,0,0,0,0,0,0,1,0,0,0,0,0,0,0,0,WTVM
330,-567151780,Georgia,Columbus,MSNBC,WTVM,WTVM,At least once a month,522,"Columbus, GA (Opelika, AL)",0.38,0,0,0,0,0,0,0,0,0,0,1,0,0,0,0,0,0,0,0,WTVM
389,313962970,Georgia,Toccoa,fox news,the clayton tribune,NEWSPAPER,Several times a year,567,Greenvll-Spart-Ashevll-And,4.45,0,0,0,0,0,0,0,0,0,0,0,0,0,0,0,0,0,0,0,other
189,-272219225,Georgia,Toccoa,ABC News,Fox News,FOX,Several times a year,567,Greenvll-Spart-Ashevll-And,1.31,1,0,0,0,0,0,0,0,0,0,0,0,0,0,0,0,0,0,0,FOX
388,-445906989,Georgia,Toccoa,Internet,Fox 5,FOX5,Once a year or less,567,Greenvll-Spart-Ashevll-And,0.54,0,0,0,0,0,0,0,2,0,0,0,0,0,0,0,0,0,0,0,FOX5
100,2121678024,Georgia,Blackshear,The phone,Cnn,CNN,Several times a year,561,Jacksonville,1,0,0,0,1,0,0,0,0,0,0,0,0,0,0,0,0,0,0,0,CNN
463,1843321786,Georgia,Kingsland,Social media,Cnn,CNN,Several times a year,561,Jacksonville,0.48,0,0,0,1,0,0,0,0,0,0,0,0,0,0,0,0,0,0,0,CNN
325,-7435315,Georgia,Brunswick,Local news,Action news Jax,NA,At least once a week,561,Jacksonville,0.7,0,0,0,0,0,0,0,0,0,0,0,0,0,0,0,0,0,0,0,other
24,-472697199,Georgia,Macon,Good morning america in the morning,Abc/good morning america,ABC,Several times a year,503,Macon,1,0,0,0,0,0,0,0,0,0,0,0,0,0,0,0,0,0,0,0,other
334,-1888808396,Georgia,Macon,Local news,CBS,CBS,At least once a month,503,Macon,1.92,0,0,1,0,0,0,0,0,0,0,0,0,0,0,0,0,0,0,0,CBS
230,-601047918,Georgia,Macon,Tv,Cnn,CNN,Several times a year,503,Macon,0.43,0,0,0,1,0,0,0,0,0,0,0,0,0,0,0,0,0,0,0,CNN
151,2100674208,Georgia,Dublin,Social media,Fox news,FOX,At least once a week,503,Macon,1.08,1,0,0,0,0,0,0,0,0,0,0,0,0,0,0,0,0,0,0,FOX
130,-1781000901,Georgia,Montezuma,The internet,Google,GOOGLE,Several times a year,503,Macon,0.91,0,0,0,0,0,0,0,0,0,0,0,0,0,0,0,0,0,1,0,GOOGLE
14,-1774167786,Georgia,Warner Robins,MSNBC ON TV.,MSNBC and CNN.,NA,At least once a month,503,Macon,1.41,0,0,0,0,0,0,0,0,0,0,0,0,0,0,0,0,0,0,0,other
61,1836302603,Georgia,Perry,Yahoo news,Reddit,NA,At least once a month,503,Macon,0.62,0,0,0,0,0,0,0,0,0,0,0,0,0,0,0,0,0,0,0,other
169,637401974,Georgia,Bonaire,Facebook,ESPN,NA,At least once a week,503,Macon,1.25,0,0,0,0,0,0,0,0,0,0,0,0,0,0,0,0,0,0,0,other
267,808023517,Georgia,Macon,TV,None,NA,At least once a month,503,Macon,1.69,0,0,0,0,0,0,0,0,0,0,0,0,0,0,0,0,0,0,0,other
279,232638274,Georgia,Warner Robins,Google,Target,NA,At least once a month,503,Macon,1.33,0,0,0,0,0,0,0,0,0,0,0,0,0,0,0,0,0,0,0,other
4,1946690603,Georgia,Dublin,No negative vibes,Fox 10,NA,Several times a year,503,Macon,0.91,0,0,0,0,0,0,0,0,0,0,0,0,0,0,0,0,0,0,0,other
50,969299904,Georgia,Warner Robins,foz news,nbc,NBC,At least once a week,503,Macon,0.62,0,0,0,0,0,1,0,0,0,0,0,0,0,0,0,0,0,0,0,NBC
392,-704243738,Georgia,Warthen,Tv,Nbc,NBC,At least once a week,503,Macon,0.54,0,0,0,0,0,1,0,0,0,0,0,0,0,0,0,0,0,0,0,NBC
29,-1362914350,Georgia,Bonaire,Reading it on my phone,13 wmaz,WMAZ,Once a year or less,503,Macon,0.48,0,0,0,0,0,0,0,0,0,2,0,0,0,0,0,0,0,0,0,WMAZ
35,-941675323,Georgia,Macon,CNN,WMAZ,WMAZ,At least once a month,503,Macon,1.9,0,0,0,0,0,0,0,0,0,1,0,0,0,0,0,0,0,0,0,WMAZ
152,-1302975251,Georgia,Macon,local print newspaper,WMAZ,WMAZ,Once a year or less,503,Macon,1.08,0,0,0,0,0,0,0,0,0,1,0,0,0,0,0,0,0,0,0,WMAZ
247,503961624,Georgia,Macon,Cnn,13wmaz,WMAZ,Several times a year,503,Macon,0.54,0,0,0,0,0,0,0,0,0,3,0,0,0,0,0,0,0,0,0,WMAZ
293,-850134581,Georgia,Dublin,Social media,13Wmaz,WMAZ,Never,503,Macon,0.62,0,0,0,0,0,0,0,0,0,2,0,0,0,0,0,0,0,0,0,WMAZ
406,692080842,Georgia,Warner Robins,Local tv,Wmaz,WMAZ,Several times a year,503,Macon,1.08,0,0,0,0,0,0,0,0,0,1,0,0,0,0,0,0,0,0,0,WMAZ
221,-2059971376,Georgia,Ludowici,Abc,Abc,ABC,Once a year or less,507,Savannah,0.43,0,1,0,0,0,0,0,0,0,0,0,0,0,0,0,0,0,0,0,ABC
27,-1315783889,Georgia,Savannah,National and local news on TV,CBS,CBS,At least once a month,507,Savannah,2.74,0,0,1,0,0,0,0,0,0,0,0,0,0,0,0,0,0,0,0,CBS
367,-1018788645,Georgia,Jesup,Apple News,CNN 10,CNN,At least once a week,507,Savannah,4.45,0,0,0,1,0,0,0,0,0,0,0,0,0,0,0,0,0,0,0,CNN
175,-1999796664,Georgia,Guyton,Wall Street Journal,Google,GOOGLE,At least once a month,507,Savannah,2.74,0,0,0,0,0,0,0,0,0,0,0,0,0,0,0,0,0,1,0,GOOGLE
202,1124036772,Georgia,Savannah,Social media,Google,GOOGLE,At least once a week,507,Savannah,0.91,0,0,0,0,0,0,0,0,0,0,0,0,0,0,0,0,0,1,0,GOOGLE
87,-266519723,Georgia,Savannah,"I watch CNN, Fox and PBS.  I have to to get the full side of the story",Local Savannah,NA,At least once a month,507,Savannah,1.25,0,0,0,0,0,0,0,0,0,0,0,0,0,0,0,0,0,0,0,other
106,-1490589053,Georgia,Twin City,TV sets and cell phones.,none,NA,At least once a week,507,Savannah,0.54,0,0,0,0,0,0,0,0,0,0,0,0,0,0,0,0,0,0,0,other
108,-631235919,Georgia,Hortense,The newspaper,San Francisco Daily News,NA,At least once a week,507,Savannah,0.48,0,0,0,0,0,0,0,0,0,0,0,0,0,0,0,0,0,0,0,other
111,-601486365,Georgia,Rincon,The newspaper,Associated Press,NA,Once a year or less,507,Savannah,1,0,0,0,0,0,0,0,0,0,0,0,0,0,0,0,0,0,0,0,other
277,2742156,Georgia,Jesup,"Social media, news",the daily news,NA,At least once a month,507,Savannah,0.54,0,0,0,0,0,0,0,0,0,0,0,0,0,0,0,0,0,0,0,other
283,-1796125106,Georgia,Port Wentworth,CNN,TV,NA,At least once a week,507,Savannah,0.38,0,0,0,0,0,0,0,0,0,0,0,0,0,0,0,0,0,0,0,other
387,-1478483604,Georgia,Jesup,Tv,None,NA,At least once a month,507,Savannah,0.38,0,0,0,0,0,0,0,0,0,0,0,0,0,0,0,0,0,0,0,other
401,574176108,Georgia,Jesup,Facebook,I don't like news,NA,Once a year or less,507,Savannah,0.38,0,0,0,0,0,0,0,0,0,0,0,0,0,0,0,0,0,0,0,other
456,468010992,Georgia,Glennville,Family,None,NA,Once a year or less,507,Savannah,0.38,0,0,0,0,0,0,0,0,0,0,0,0,0,0,0,0,0,0,0,other
356,-2094065925,Georgia,Savannah,I like to watch both TV amd look at news.,Nbc,NBC,At least once a month,507,Savannah,0.38,0,0,0,0,0,1,0,0,0,0,0,0,0,0,0,0,0,0,0,NBC
497,2099857641,Georgia,Rincon,CNN,NBC,NBC,At least once a month,507,Savannah,1.9,0,0,0,0,0,1,0,0,0,0,0,0,0,0,0,0,0,0,0,NBC
16,1714305232,Georgia,Statesboro,Radio and friends,K-love,RADIO,Several times a year,507,Savannah,1.41,0,0,0,0,0,0,0,0,0,0,0,0,0,0,0,0,0,0,0,other
13,1599675233,Georgia,Hazlehurst,Television,Wtoc,WTOC,At least once a week,507,Savannah,1.08,0,0,0,0,0,0,0,0,0,0,0,1,0,0,0,0,0,0,0,WTOC
138,-1956952830,Georgia,Statesboro,NBC,WTOC,WTOC,At least once a week,507,Savannah,0.91,0,0,0,0,0,0,0,0,0,0,0,1,0,0,0,0,0,0,0,WTOC
146,-1838695247,Georgia,Statesboro,Wtoc,WTOC,WTOC,Once a year or less,507,Savannah,1.08,0,0,0,0,0,0,0,0,0,0,0,1,0,0,0,0,0,0,0,WTOC
248,1791670849,Georgia,Alma,Facebook,Wtoc,WTOC,At least once a week,507,Savannah,0.54,0,0,0,0,0,0,0,0,0,0,0,1,0,0,0,0,0,0,0,WTOC
301,499510878,Georgia,Richmond Hill,TV,WTOC,WTOC,At least once a week,507,Savannah,1.9,0,0,0,0,0,0,0,0,0,0,0,1,0,0,0,0,0,0,0,WTOC
357,1378836086,Georgia,Baxley,Wtoc,Wtoc,WTOC,At least once a month,507,Savannah,0.38,0,0,0,0,0,0,0,0,0,0,0,1,0,0,0,0,0,0,0,WTOC
361,-235465745,Georgia,Hinesville,Twitter,Wtoc,WTOC,Several times a year,507,Savannah,1,0,0,0,0,0,0,0,0,0,0,0,1,0,0,0,0,0,0,0,WTOC
143,-754932726,Georgia,Rincon,Facebook,Wmur channel 9,WTVM,At least once a week,507,Savannah,0.48,0,0,0,0,0,0,0,0,0,0,2,0,0,0,0,0,0,0,0,WTVM
238,-1014573997,Georgia,Tifton,Tv,Cbs,CBS,Several times a year,530,Tallahassee-Thomasville,1.69,0,0,1,0,0,0,0,0,0,0,0,0,0,0,0,0,0,0,0,CBS
349,-28848101,Georgia,Tifton,Facebook,Cnn,CNN,At least once a week,530,Tallahassee-Thomasville,0.38,0,0,0,1,0,0,0,0,0,0,0,0,0,0,0,0,0,0,0,CNN
53,-91746258,Georgia,Pavo,Fox news,Fox news,FOX,At least once a week,530,Tallahassee-Thomasville,0.48,1,0,0,0,0,0,0,0,0,0,0,0,0,0,0,0,0,0,0,FOX
253,-1785340129,Georgia,Quitman,Online,Google,GOOGLE,At least once a month,530,Tallahassee-Thomasville,0.87,0,0,0,0,0,0,0,0,0,0,0,0,0,0,0,0,0,1,0,GOOGLE
110,-1583376047,Georgia,Cairo,none,none,NA,Once a year or less,530,Tallahassee-Thomasville,0.7,0,0,0,0,0,0,0,0,0,0,0,0,0,0,0,0,0,0,0,other
114,1782414095,Georgia,Tifton,network,News channel,NA,At least once a week,530,Tallahassee-Thomasville,0.48,0,0,0,0,0,0,0,0,0,0,0,0,0,0,0,0,0,0,0,other
203,1511499134,Georgia,Cairo,NBC,WCTV,NA,At least once a week,530,Tallahassee-Thomasville,1.69,0,0,0,0,0,0,0,0,0,0,0,0,0,0,0,0,0,0,0,other
226,1212336139,Georgia,Thomasville,Social media,Na,NA,At least once a week,530,Tallahassee-Thomasville,0.7,0,0,0,0,0,0,0,0,0,0,0,0,0,0,0,0,0,0,0,other
408,997863103,Georgia,Valdosta,Fox news,Barista daily times,NA,Once a year or less,530,Tallahassee-Thomasville,0.7,0,0,0,0,0,0,0,0,0,0,0,0,0,0,0,0,0,0,0,other
113,-1862709882,Georgia,Valdosta,network,nbc,NBC,Several times a year,530,Tallahassee-Thomasville,0.7,0,0,0,0,0,1,0,0,0,0,0,0,0,0,0,0,0,0,0,NBC
37,-834457514,Georgia,Valdosta,"Honestly, I mostly read the headlines from the trending items on Bing.",The Valdosta Daily Times,NEWSPAPER,At least once a month,530,Tallahassee-Thomasville,0.62,0,0,0,0,0,0,0,0,0,0,0,0,0,0,0,0,0,0,0,other
362,-448850984,Georgia,Bainbridge,Wytv,Facebook,SOCIAL MEDIA,At least once a week,530,Tallahassee-Thomasville,0.7,0,0,0,0,0,0,0,0,0,0,0,0,0,0,0,0,0,0,1,SOCIAL MEDIA
446,-1029339619,Georgia,Valdosta,Social media,Facebook,SOCIAL MEDIA,Never,530,Tallahassee-Thomasville,0.62,0,0,0,0,0,0,0,0,0,0,0,0,0,0,0,0,0,0,1,SOCIAL MEDIA
287,-985235767,Georgia,Quitman,Tv,Walb,WALB,At least once a week,530,Tallahassee-Thomasville,0.62,0,0,0,0,0,0,0,0,0,0,0,0,0,0,0,0,1,0,0,WALB
402,-1211767217,Georgia,Valdosta,Internet,Walb,WALB,At least once a month,530,Tallahassee-Thomasville,1,0,0,0,0,0,0,0,0,0,0,0,0,0,0,0,0,1,0,0,WALB
182,-2049598639,Georgia,Unknown,TV,ABC,ABC,At least once a week,NA,,0.87,0,1,0,0,0,0,0,0,0,0,0,0,0,0,0,0,0,0,0,ABC
266,-1449486129,Georgia,Unknown,Newsbreak app,ABC,ABC,Once a year or less,NA,,0.62,0,1,0,0,0,0,0,0,0,0,0,0,0,0,0,0,0,0,0,ABC
275,881387151,Georgia,Unknown,Abc news,Abc news,ABC,At least once a month,NA,,0.43,0,1,0,0,0,0,0,0,0,0,0,0,0,0,0,0,0,0,0,ABC
352,-863404451,Georgia,Unknown,Google,Abc,ABC,Several times a year,NA,,0.87,0,1,0,0,0,0,0,0,0,0,0,0,0,0,0,0,0,0,0,ABC
31,2120320008,Georgia,Unknown,Tv,CBS,CBS,At least once a month,NA,,1.33,0,0,1,0,0,0,0,0,0,0,0,0,0,0,0,0,0,0,0,CBS
371,1690539526,Georgia,Unknown,The news app that automatically comes on my phone.,CBS,CBS,At least once a week,NA,,0.91,0,0,1,0,0,0,0,0,0,0,0,0,0,0,0,0,0,0,0,CBS
421,-429405762,Georgia,Unknown,Fox news,Cbs,CBS,Several times a year,NA,,0.62,0,0,1,0,0,0,0,0,0,0,0,0,0,0,0,0,0,0,0,CBS
49,948082171,Georgia,Unknown,CNN news,CNN,CNN,At least once a month,NA,,1.25,0,0,0,1,0,0,0,0,0,0,0,0,0,0,0,0,0,0,0,CNN
192,612284888,Georgia,Unknown,CNN on my TV,CNN,CNN,Once a year or less,NA,,0.54,0,0,0,1,0,0,0,0,0,0,0,0,0,0,0,0,0,0,0,CNN
26,-1806893629,Georgia,Unknown,Internet,Fox news,FOX,At least once a week,NA,,1.33,1,0,0,0,0,0,0,0,0,0,0,0,0,0,0,0,0,0,0,FOX
142,-1765275508,Georgia,Unknown,Fox,Fox,FOX,Several times a year,NA,,0.43,1,0,0,0,0,0,0,0,0,0,0,0,0,0,0,0,0,0,0,FOX
315,-1567468297,Georgia,Unknown,Television,FOX News,FOX,Several times a year,NA,,0.43,1,0,0,0,0,0,0,0,0,0,0,0,0,0,0,0,0,0,0,FOX
333,-1652082717,Georgia,Unknown,Local news,Fox,FOX,At least once a month,NA,,1.92,1,0,0,0,0,0,0,0,0,0,0,0,0,0,0,0,0,0,0,FOX
482,-1570354671,Georgia,Unknown,CNN,Fox and friends,FOX,At least once a month,NA,,1.25,1,0,0,0,0,0,0,0,0,0,0,0,0,0,0,0,0,0,0,FOX
492,2126526287,Georgia,Unknown,Youtube,Fox,FOX,At least once a month,NA,,0.43,1,0,0,0,0,0,0,0,0,0,0,0,0,0,0,0,0,0,0,FOX
11,1542533339,Georgia,Unknown,"Yahoo, youtube",Atlanta channel 5,FOX5,Several times a year,NA,,0.87,0,0,0,0,0,0,0,2,0,0,0,0,0,0,0,0,0,0,0,FOX5
164,-1766966879,Georgia,Unknown,Internet and tv,Fox 5,FOX5,Once a year or less,NA,,0.54,0,0,0,0,0,0,0,2,0,0,0,0,0,0,0,0,0,0,0,FOX5
264,-203473300,Georgia,Unknown,television,Fox 5 Atlanta,FOX5,At least once a month,NA,,1.92,0,0,0,0,0,0,0,2,0,0,0,0,0,0,0,0,0,0,0,FOX5
385,1947716551,Georgia,Unknown,Nothing,News 5,FOX5,At least once a week,NA,,0.91,0,0,0,0,0,0,0,1,0,0,0,0,0,0,0,0,0,0,0,FOX5
66,-1777040727,Georgia,Unknown,Fox,None,NA,Once a year or less,NA,,0.43,0,0,0,0,0,0,0,0,0,0,0,0,0,0,0,0,0,0,0,other
68,-1691040057,Georgia,Unknown,Celeberity policites and tv shows and mazagaines and cofffee,Celeberity,NA,At least once a week,NA,,1,0,0,0,0,0,0,0,0,0,0,0,0,0,0,0,0,0,0,0,other
75,2083020002,Georgia,Unknown,Internet,WYFF,NA,Several times a year,NA,,1.55,0,0,0,0,0,0,0,0,0,0,0,0,0,0,0,0,0,0,0,other
107,1877504746,Georgia,Unknown,intel,none,NA,At least once a month,NA,,0.38,0,0,0,0,0,0,0,0,0,0,0,0,0,0,0,0,0,0,0,other
116,-947596919,Georgia,Unknown,webpage,local news,NA,At least once a month,NA,,0.62,0,0,0,0,0,0,0,0,0,0,0,0,0,0,0,0,0,0,0,other
157,1523755133,Georgia,Unknown,Internet,Wsfa,NA,At least once a month,NA,,0.7,0,0,0,0,0,0,0,0,0,0,0,0,0,0,0,0,0,0,0,other
159,53964758,Georgia,Unknown,My main source of news is typically social media but I also closely follow FOX news.,My favorite local news outlet is WISTV,NA,At least once a month,NA,,0.7,0,0,0,0,0,0,0,0,0,0,0,0,0,0,0,0,0,0,0,other
176,-1102585482,Georgia,Unknown,Probably YouTube,WRAL,NA,At least once a month,NA,,0.62,0,0,0,0,0,0,0,0,0,0,0,0,0,0,0,0,0,0,0,other
194,-286816572,Georgia,Unknown,Facebook,33/40,NA,At least once a week,NA,,0.48,0,0,0,0,0,0,0,0,0,0,0,0,0,0,0,0,0,0,0,other
225,-1944111879,Georgia,Unknown,Yahoo News or social media,Yahoo,NA,At least once a week,NA,,0.43,0,0,0,0,0,0,0,0,0,0,0,0,0,0,0,0,0,0,0,other
231,1824223073,Georgia,Unknown,Internet,Wymt,NA,Several times a year,NA,,1.25,0,0,0,0,0,0,0,0,0,0,0,0,0,0,0,0,0,0,0,other
273,-588670678,Georgia,Unknown,Social media,Wave 3,NA,Never,NA,,5.33,0,0,0,0,0,0,0,0,0,0,0,0,0,0,0,0,0,0,0,other
297,2102827693,Georgia,Unknown,iPhone news,Iphone,NA,At least once a week,NA,,4.45,0,0,0,0,0,0,0,0,0,0,0,0,0,0,0,0,0,0,0,other
321,-777761444,Georgia,Unknown,instagram,fox4,NA,At least once a month,NA,,1.31,0,0,0,0,0,0,0,0,0,0,0,0,0,0,0,0,0,0,0,other
329,-753957428,Georgia,Unknown,Wnbc,Na,NA,Once a year or less,NA,,1,0,0,0,0,0,0,0,0,0,0,0,0,0,0,0,0,0,0,0,other
342,-1980655822,Georgia,Unknown,Yahoo,Jax news,NA,Once a year or less,NA,,0.38,0,0,0,0,0,0,0,0,0,0,0,0,0,0,0,0,0,0,0,other
347,308284248,Georgia,Unknown,My main source of news is cnn,News 48,NA,Never,NA,,1.25,0,0,0,0,0,0,0,0,0,0,0,0,0,0,0,0,0,0,0,other
374,588247651,Georgia,Unknown,Cnn,Coos,NA,Several times a year,NA,,0.91,0,0,0,0,0,0,0,0,0,0,0,0,0,0,0,0,0,0,0,other
415,-1028187673,Georgia,Unknown,Online,Wspa,NA,At least once a month,NA,,0.54,0,0,0,0,0,0,0,0,0,0,0,0,0,0,0,0,0,0,0,other
433,1086528572,Georgia,Unknown,Internet,Local news stations,NA,Several times a year,NA,,0.38,0,0,0,0,0,0,0,0,0,0,0,0,0,0,0,0,0,0,0,other
487,1005260393,Georgia,Unknown,Twitter,WRAL,NA,Once a year or less,NA,,1.55,0,0,0,0,0,0,0,0,0,0,0,0,0,0,0,0,0,0,0,other
62,1859539671,Georgia,Unknown,My main source of news is a combination of social media sites.,My favorite local news outlet is News Channel 3 in Memphis.,NA,At least once a week,NA,,0.43,0,0,0,0,0,0,0,0,1,0,0,0,0,0,0,0,0,0,0,WLBT
431,322465571,Georgia,Unknown,CNN,Whnt 19,NA,At least once a month,NA,,0.43,0,0,0,0,0,0,0,0,0,0,1,0,0,0,0,0,0,0,0,WTVM
9,435854393,Georgia,Unknown,CNN,WLBT,NA,At least once a month,NA,,1.33,0,0,0,0,0,0,0,0,1,0,0,0,0,0,0,0,0,0,0,WLBT
63,-1111300972,Georgia,Unknown,CNN and Fox,NBC,NBC,At least once a week,NA,,1.55,0,0,0,0,0,1,0,0,0,0,0,0,0,0,0,0,0,0,0,NBC
477,936850392,Georgia,Unknown,Social Media,NBC,NBC,Several times a year,NA,,0.69,0,0,0,0,0,1,0,0,0,0,0,0,0,0,0,0,0,0,0,NBC
224,-45443018,Georgia,Unknown,Websites,Cnbc,NBC,At least once a month,NA,,0.54,0,0,0,0,0,0,0,0,0,0,0,0,0,0,0,0,0,0,0,other
227,-1035905257,Georgia,Unknown,CNN news because they tell the truth from many different points of view,NBC News in the morning especially the today show,NBC,Several times a year,NA,,0.38,0,0,0,0,0,0,0,0,0,0,0,0,0,0,0,0,0,0,0,other
180,209182507,Georgia,Unknown,Facebook,Oan,OAN,At least once a month,NA,,0.87,0,0,0,0,0,0,0,0,0,0,0,0,0,0,0,0,0,0,0,other
298,-1313193015,Georgia,Unknown,Would of mouth,Facebook or google,SOCIAL MEDIA,Never,NA,,0.7,0,0,0,0,0,0,0,0,0,0,0,0,0,0,0,0,0,1,1,GOOGLE
410,-1660925609,Georgia,Unknown,YouTube,YouTube,SOCIAL MEDIA,At least once a month,NA,,1,0,0,0,0,0,0,0,0,0,0,0,0,0,0,0,0,0,0,0,other
149,-1046404406,Georgia,Unknown,Social media,Facebook,SOCIAL MEDIA,Several times a year,NA,,0.38,0,0,0,0,0,0,0,0,0,0,0,0,0,0,0,0,0,0,1,SOCIAL MEDIA
284,-1047524668,Georgia,Unknown,Fb,Fb,SOCIAL MEDIA,Once a year or less,NA,,0.7,0,0,0,0,0,0,0,0,0,0,0,0,0,0,0,0,0,0,1,SOCIAL MEDIA
251,-587810128,Georgia,Unknown,I don't watch the news,Walb,WALB,Never,NA,,0.48,0,0,0,0,0,0,0,0,0,0,0,0,0,0,0,0,1,0,0,WALB
338,-27381822,Georgia,Unknown,Internet,WALB,WALB,Once a year or less,NA,,0.69,0,0,0,0,0,0,0,0,0,0,0,0,0,0,0,0,1,0,0,WALB
383,-1289592209,Georgia,Unknown,Fox,Wjbf,WJBF,Several times a year,NA,,1.92,0,0,0,0,0,0,0,0,0,0,0,0,0,0,0,1,0,0,0,WJBF
405,1480500885,Georgia,Unknown,Facebook,News channel 6,WJBF,Once a year or less,NA,,0.7,0,0,0,0,0,0,0,0,0,0,0,0,0,0,0,1,0,0,0,WJBF
39,-144556692,Georgia,Unknown,Facebook,13wmaz,WMAZ,At least once a month,NA,,0.48,0,0,0,0,0,0,0,0,0,3,0,0,0,0,0,0,0,0,0,WMAZ
193,1161068013,Georgia,Unknown,Fox News,Fox 13,WMAZ,At least once a month,NA,,0.91,0,0,0,0,0,0,0,0,0,1,0,0,0,0,0,0,0,0,0,WMAZ
274,1050538473,Georgia,Unknown,Gma,13wmaz,WMAZ,At least once a month,NA,,0.7,0,0,0,0,0,0,0,0,0,3,0,0,0,0,0,0,0,0,0,WMAZ
368,1256808733,Georgia,Unknown,Social media,13wmaz,WMAZ,At least once a month,NA,,4.45,0,0,0,0,0,0,0,0,0,3,0,0,0,0,0,0,0,0,0,WMAZ
467,-1081294058,Georgia,Unknown,Fox 24,13,WMAZ,At least once a month,NA,,0.38,0,0,0,0,0,0,0,0,0,1,0,0,0,0,0,0,0,0,0,WMAZ
404,336173033,Georgia,Unknown,TV ok or social media,Channel17,WPCH-TV,At least once a week,NA,,0.48,0,0,0,0,0,0,0,0,0,0,0,0,0,0,0,0,0,0,0,other
43,774369828,Georgia,Unknown,Tv,Ch 3 news,WRBL,At least once a week,NA,,0.38,0,0,0,0,0,0,0,0,1,0,0,0,0,0,0,0,0,0,0,WLBT
416,-1012794667,Georgia,Unknown,Abc,Channel 3 local news,WRBL,Once a year or less,NA,,0.54,0,0,0,0,0,0,0,0,1,0,0,0,0,0,0,0,0,0,0,WLBT
160,-1516527145,Georgia,Unknown,Local television news,News channel 9,WTVM,At least once a month,NA,,0.43,0,0,0,0,0,0,0,0,0,0,2,0,0,0,0,0,0,0,0,WTVM